cell id,0,1,2,3,4,5,6,7,8,9,10,11,12,13,14,15,16,17,18,19
20171204_sample_2,0.65570483,1.17171312,1.44174855,0.63164227,0.58819598,0.50798743,0.92039302,1.65229597,2.64153466,3.8760778,4.60731235,1.01463806,0.29075597,0.0,0.0,0.0,0.0,0.0,0.0,0.0
20171204_sample_4,0.0,0.1286213,0.59410792,0.39933852,0.57695841,0.869725,2.52587738,1.46505788,2.18288724,7.43921112,3.25718136,0.56103387,0.0,0.0,0.0,0.0,0.0,0.0,0.0,0.0
20171204_sample_5,0.66793574,1.28577631,0.97451825,0.32060916,0.32862439,1.04665531,1.59837024,2.17947433,5.06495675,5.18585312,1.29646328,0.05076312,0.0,0.0,0.0,0.0,0.0,0.0,0.0,0.0
20171204_sample_6,0.9880726,1.39809853,0.92169404,0.38997407,0.62644771,1.51356958,2.09023336,5.03854797,4.48262748,2.42765774,0.12307692,0.0,0.0,0.0,0.0,0.0,0.0,0.0,0.0,0.0
20171207_sample_1,0.0,0.0,0.33208087,0.50814099,0.59760243,0.68563249,0.74360351,0.43299338,1.2095187,2.43335123,1.5981392,3.11755233,5.25317588,2.7060297,0.38217928,0.0,0.0,0.0,0.0,0.0
20171207_sample_2,1.68450121,4.74230636,0.97554499,0.41847004,0.32288043,0.87942434,1.06157564,1.61121585,2.43169326,4.35516848,1.42747139,0.08974802,0.0,0.0,0.0,0.0,0.0,0.0,0.0,0.0
20171207_sample_6,1.58093797,1.72239032,0.76475038,0.62027231,0.65128593,0.63691377,0.63237519,0.8623298,1.24432678,3.78366112,5.66414523,1.8366112,0.0,0.0,0.0,0.0,0.0,0.0,0.0,0.0
20171207_sample_7,0.67935044,1.10214279,0.55155184,0.38531757,0.90900356,2.08225233,1.37215336,2.62035169,4.03478428,4.27020275,1.85259921,0.14029019,0.0,0.0,0.0,0.0,0.0,0.0,0.0,0.0
20171219_sample_1,0.0,0.0,0.0,0.0,0.0,0.0,0.0,0.0,1.33935908,11.16064092,6.08052588,1.41947412,0.0,0.0,0.0,0.0,0.0,0.0,0.0,0.0
20171219_sample_2,2.65145167,1.35702667,0.66150737,0.30265687,0.52053039,0.14984966,1.62222113,3.15275792,3.79997042,3.85961453,1.92241337,0.0,0.0,0.0,0.0,0.0,0.0,0.0,0.0,0.0
20171219_sample_3,0.0,0.0,0.0,0.00945329,0.3962502,0.35528596,0.37104144,0.8523712,8.0313534,8.49692768,1.48731684,0.0,0.0,0.0,0.0,0.0,0.0,0.0,0.0,0.0
20171219_sample_6,0.04330297,1.28042407,1.30282216,0.38972674,0.50769001,0.96759743,1.25951919,7.62281619,6.34089891,0.28520233,0.0,0.0,0.0,0.0,0.0,0.0,0.0,0.0,0.0,0.0
20171219_sample_7,0.5638009,0.40361991,0.39276018,1.05158371,2.49954751,1.1520362,1.91040724,5.94570136,4.85520362,1.22533937,0.0,0.0,0.0,0.0,0.0,0.0,0.0,0.0,0.0,0.0
20171219_sample_8,0.7917836,2.22905595,1.0509345,0.55711471,0.51113632,0.69743835,0.25855377,1.82599869,4.8540037,6.0661611,1.15781931,0.0,0.0,0.0,0.0,0.0,0.0,0.0,0.0,0.0
20180102_sample_1,1.71679952,0.71514513,0.53015491,0.55948263,0.58881035,0.69258535,0.78733644,0.85877576,3.57346969,4.69619492,4.10813656,1.17310874,0.0,0.0,0.0,0.0,0.0,0.0,0.0,0.0
20180102_sample_3,0.0,0.0,0.0,0.0,0.50741416,0.6384551,0.62564658,0.54781024,2.43164688,2.47893985,5.80718262,5.3283413,1.63456328,0.0,0.0,0.0,0.0,0.0,0.0,0.0
20180102_sample_4,0.00714881,0.24941419,0.54410421,0.79669566,1.00957147,0.73473927,1.93891735,1.86584058,2.90480162,6.22979467,3.71897216,0.0,0.0,0.0,0.0,0.0,0.0,0.0,0.0,0.0
20180102_sample_5,0.0,0.87050078,0.67488263,0.22887324,0.27386541,0.31298905,1.92683881,7.84233177,6.78501565,1.01036776,0.0743349,0.0,0.0,0.0,0.0,0.0,0.0,0.0,0.0,0.0
20180103_sample_2,0.0,0.0,0.0,0.0,0.06914815,0.26702957,0.60688539,0.84154774,0.812123,0.76725026,2.65116963,2.30101515,4.69692511,5.73635427,1.25055171,0.0,0.0,0.0,0.0,0.0
20180103_sample_7,0.06308644,1.12757037,0.83689359,1.18426832,1.14593731,1.54282292,1.87662208,7.26612098,4.44959074,0.50708724,0.0,0.0,0.0,0.0,0.0,0.0,0.0,0.0,0.0,0.0
20180104_sample_6,0.81648989,2.34940965,0.97858715,0.70242145,0.54032419,0.46227737,0.89053432,2.08324995,2.52951771,4.67480488,3.30998599,0.66239744,0.0,0.0,0.0,0.0,0.0,0.0,0.0,0.0
20180105_sample_4,0.28131369,0.37619859,0.29668237,0.29801878,0.28799572,0.52453977,0.7564064,1.47004778,1.59366543,3.87691691,5.93097457,3.39581036,0.80451706,0.10691257,0.0,0.0,0.0,0.0,0.0,0.0
20180105_sample_5,0.00334882163,0.143162125,0.251998828,0.619532002,1.23069195,1.25999414,5.25513835,7.77512663,2.7711499,0.689857256,0.0,0.0,0.0,0.0,0.0,0.0,0.0,0.0,0.0,0.0
20180105_sample_6,0.02165485,0.08172959,0.17114317,0.16625336,0.92557019,0.73766197,1.19171527,1.62062101,1.93286997,3.50179875,5.67776187,3.65687541,0.31434459,0.0,0.0,0.0,0.0,0.0,0.0,0.0
20180108_sample_4,0.31775271,0.12525904,0.34538338,0.45037992,1.15404099,0.94496892,1.44968915,3.18213217,3.73382455,2.73083122,4.85839282,0.70734515,0.0,0.0,0.0,0.0,0.0,0.0,0.0,0.0
20180108_sample_5,0.0,0.3293827,0.75758021,0.68641002,0.39761198,0.61700438,1.0699056,1.76925565,6.1176955,6.64059054,1.44575479,0.16880863,0.0,0.0,0.0,0.0,0.0,0.0,0.0,0.0
20180108_sample_9,0.01270031,0.22113481,0.53266594,0.41911023,0.25923574,0.53714841,2.11871054,0.67535766,0.90769863,1.25733069,7.31388443,5.39763177,0.34739083,0.0,0.0,0.0,0.0,0.0,0.0,0.0
20180110_sample_5,0.0,0.0,0.0,0.04104143,0.3078107,0.47454149,1.77183532,1.21521098,1.86802616,3.80595101,6.33256381,3.47120687,0.71181224,0.0,0.0,0.0,0.0,0.0,0.0,0.0
20180110_sample_8,0.32601991,0.41765794,0.29958587,0.474638,0.67788645,1.16603519,1.47795694,1.33403824,3.91458866,6.48280318,2.91009487,0.51869475,0.0,0.0,0.0,0.0,0.0,0.0,0.0,0.0
20180111_sample_5,0.0,0.06556571,0.11146171,0.09670942,0.13522928,0.28439126,0.66221366,1.63504487,1.99319756,2.87505635,6.40413064,4.14211367,1.43015203,0.16473384,0.0,0.0,0.0,0.0,0.0,0.0
20180115_sample_2,0.03539614,0.59406525,0.16990148,0.17934045,0.47607811,0.449531,1.614654,2.25827385,6.87924016,4.92242346,1.86124712,0.55984898,0.0,0.0,0.0,0.0,0.0,0.0,0.0,0.0
20180115_sample_5,2.11628102,1.62112373,0.85577916,0.45552237,0.48343428,0.49180785,0.45998828,0.61238731,0.8797834,1.98118737,2.08557792,3.87808078,3.02230162,1.05674491,0.0,0.0,0.0,0.0,0.0,0.0
20180115_sample_6,3.20873436,1.33204009,0.51481012,0.71028874,0.82419359,1.32109727,1.21714044,2.80136288,4.58106394,2.72575791,0.69586411,0.06764655,0.0,0.0,0.0,0.0,0.0,0.0,0.0,0.0
20180115_sample_7,0.14930265,0.80259277,0.33502057,0.23669932,0.50034595,0.86741197,1.06769601,1.6780161,3.02829467,6.60281854,4.51403809,0.21776337,0.0,0.0,0.0,0.0,0.0,0.0,0.0,0.0
20180115_sample_8,2.83151107,2.77474068,0.68404822,0.5123353,0.79058032,0.45486403,0.55158396,4.89837398,5.11143818,1.15923745,0.2312868,0.0,0.0,0.0,0.0,0.0,0.0,0.0,0.0,0.0
20180115_sample_9,0.00795545,0.72659772,0.85918854,0.38451339,0.75046407,1.14823654,1.48501724,2.21161496,3.88225935,5.8207372,2.15062318,0.57279236,0.0,0.0,0.0,0.0,0.0,0.0,0.0,0.0
20180118_sample_1,0.66576741,0.57471818,0.36516042,0.37190481,0.72309471,0.50871953,0.88640524,2.40630119,4.90943251,6.39801522,2.07919838,0.1112824,0.0,0.0,0.0,0.0,0.0,0.0,0.0,0.0
20180118_sample_10,1.82960384,1.68643015,0.80352577,0.48552436,0.33261097,0.79378607,1.14344153,1.791132,4.36679734,5.26285033,1.50429765,0.0,0.0,0.0,0.0,0.0,0.0,0.0,0.0,0.0
20180118_sample_2,0.82278271,0.74701758,0.37550261,0.24324594,1.08995447,0.86199448,2.88904396,3.45994085,6.29116406,1.69939853,0.94440568,0.57554913,0.0,0.0,0.0,0.0,0.0,0.0,0.0,0.0
20180118_sample_4,0.01426091,0.41232639,0.20585317,0.93253968,1.59970238,2.49131944,4.41778274,5.94246032,3.86532738,0.11842758,0.0,0.0,0.0,0.0,0.0,0.0,0.0,0.0,0.0,0.0
20180118_sample_6,1.26373879,0.38537595,0.32375259,0.22625891,0.71096804,1.42469533,1.933318,6.04092895,5.03839963,2.30397793,0.34858588,0.0,0.0,0.0,0.0,0.0,0.0,0.0,0.0,0.0
20180118_sample_7,0.0,0.05893275,0.38669573,0.28578348,0.23653831,0.23411641,0.44805038,1.40308388,2.28949705,2.56478566,4.16323565,6.25090821,1.67837249,0.0,0.0,0.0,0.0,0.0,0.0,0.0
20180123_sample_5,0.0,0.0,0.0,0.04344407,0.16628591,0.29586907,0.84865735,0.49586158,1.50930677,2.71375604,6.68963709,6.1031422,1.13403992,0.0,0.0,0.0,0.0,0.0,0.0,0.0
20180123_sample_6,1.04380131,1.38294685,0.89100605,0.5129127,0.39187489,0.47995686,1.51357181,2.5399964,2.95344239,3.91155851,3.57421056,0.80472167,0.0,0.0,0.0,0.0,0.0,0.0,0.0,0.0
20180123_sample_7,1.88310929,2.99357101,0.46639392,0.25774401,0.53185272,1.30859147,3.45996493,3.50263004,5.2063121,0.38983051,0.0,0.0,0.0,0.0,0.0,0.0,0.0,0.0,0.0,0.0
20180208_sample_1,0.21107593,1.26201189,0.95761817,0.70988169,0.9031828,1.70082764,2.10631561,3.07504305,5.99344554,2.39071266,0.68988502,0.0,0.0,0.0,0.0,0.0,0.0,0.0,0.0,0.0
20180208_sample_2,0.07083422,1.39449541,0.74162577,0.66823128,0.85427779,0.9106038,0.57606145,0.63836143,2.67975251,2.84275656,6.12673352,2.00725411,0.48901216,0.0,0.0,0.0,0.0,0.0,0.0,0.0
20180208_sample_5,0.0,0.0,0.0,0.0,0.16508358,0.24306276,0.22647144,0.67443693,1.74789498,1.61516446,5.05537351,7.33833838,2.5434485,0.36666805,0.02405741,0.0,0.0,0.0,0.0,0.0
20180213_sample_3,0.0,0.38701544,2.53514025,2.33343839,1.43334384,1.92751339,1.86448156,1.55058304,2.16199181,2.08005043,2.36747558,1.09927513,0.25969114,0.0,0.0,0.0,0.0,0.0,0.0,0.0
20180220_sample_2,0.18012223,0.56288196,2.00385976,10.15760695,6.62270827,0.47282084,0.0,0.0,0.0,0.0,0.0,0.0,0.0,0.0,0.0,0.0,0.0,0.0,0.0,0.0
20180225_sample_1,2.61553967,3.16840236,7.10946873,6.79752364,0.3090656,0.0,0.0,0.0,0.0,0.0,0.0,0.0,0.0,0.0,0.0,0.0,0.0,0.0,0.0,0.0
20180225_sample_3,0.0,0.45060981,1.01294107,0.75598175,6.5040499,10.63774323,0.63867424,0.0,0.0,0.0,0.0,0.0,0.0,0.0,0.0,0.0,0.0,0.0,0.0,0.0
20180225_sample_4,0.0,0.61605363,1.00742888,0.98689376,0.97964607,1.58482817,2.16222746,8.01352902,4.02005194,0.52183367,0.1075074,0.0,0.0,0.0,0.0,0.0,0.0,0.0,0.0,0.0
20180225_sample_5,0.56137545,2.28708517,1.17233107,0.58056777,1.3802479,3.44822071,3.04358257,5.9960016,1.50819672,0.02239104,0.0,0.0,0.0,0.0,0.0,0.0,0.0,0.0,0.0,0.0
20180228_sample_3,1.34589502,6.34253028,4.96635262,6.64535666,0.69986541,0.0,0.0,0.0,0.0,0.0,0.0,0.0,0.0,0.0,0.0,0.0,0.0,0.0,0.0,0.0
20180306_sample_2,1.68755565,3.34223683,3.71344428,7.72001918,3.50660914,0.03013492,0.0,0.0,0.0,0.0,0.0,0.0,0.0,0.0,0.0,0.0,0.0,0.0,0.0,0.0
20180306_sample_3,0.04111539,4.45732961,3.57703864,5.95329714,5.8615782,0.10964103,0.0,0.0,0.0,0.0,0.0,0.0,0.0,0.0,0.0,0.0,0.0,0.0,0.0,0.0
20180306_sample_5,6.41105991,5.11705069,1.11336406,6.04608295,1.3124424,0.0,0.0,0.0,0.0,0.0,0.0,0.0,0.0,0.0,0.0,0.0,0.0,0.0,0.0,0.0
20180309_sample_4,1.72598425,1.28818898,0.60787402,0.79370079,1.23779528,6.9480315,6.91338583,0.48503937,0.0,0.0,0.0,0.0,0.0,0.0,0.0,0.0,0.0,0.0,0.0,0.0
20180309_sample_6,3.22220081,5.92407015,1.24494122,3.25688957,4.72538061,1.62651763,0.0,0.0,0.0,0.0,0.0,0.0,0.0,0.0,0.0,0.0,0.0,0.0,0.0,0.0
20180313_sample_2,1.14495052,4.6213571,0.9688884,6.61271803,6.152332,0.49975395,0.0,0.0,0.0,0.0,0.0,0.0,0.0,0.0,0.0,0.0,0.0,0.0,0.0,0.0
20180313_sample_3,0.02111932,2.85110876,4.51953537,8.49298537,3.78337607,0.33187509,0.0,0.0,0.0,0.0,0.0,0.0,0.0,0.0,0.0,0.0,0.0,0.0,0.0,0.0
20180313_sample_7,1.70421024,4.58433896,3.43657817,6.00831322,3.74094932,0.52561008,0.0,0.0,0.0,0.0,0.0,0.0,0.0,0.0,0.0,0.0,0.0,0.0,0.0,0.0
20180315_sample_2,0.26225223,3.36745807,4.12372032,6.28272707,5.41058593,0.55325637,0.0,0.0,0.0,0.0,0.0,0.0,0.0,0.0,0.0,0.0,0.0,0.0,0.0,0.0
20180315_sample_5,0.0,0.5982906,2.82684394,3.81766382,5.49224438,6.04938272,1.21557455,0.0,0.0,0.0,0.0,0.0,0.0,0.0,0.0,0.0,0.0,0.0,0.0,0.0
20180321_sample_3,0.0,0.0,0.0,0.0,0.5561139,0.61641541,0.80067002,1.97319933,3.10887772,2.31490787,4.71691792,4.84422111,1.06867672,0.0,0.0,0.0,0.0,0.0,0.0,0.0
20180321_sample_8,1.56831891,1.50275374,0.95200629,1.2588513,1.27458694,0.93889326,0.89168634,1.4896407,3.04222397,1.92237084,4.28796223,0.87070548,0.0,0.0,0.0,0.0,0.0,0.0,0.0,0.0
20180322_sample_2,3.12532411,9.07173725,6.98703544,0.8159032,0.0,0.0,0.0,0.0,0.0,0.0,0.0,0.0,0.0,0.0,0.0,0.0,0.0,0.0,0.0,0.0
20180322_sample_5,1.28282924,0.98321798,0.23134541,0.52337157,0.36313644,1.45444202,1.92945861,3.0387788,7.83919598,2.33052053,0.02370342,0.0,0.0,0.0,0.0,0.0,0.0,0.0,0.0,0.0
20180322_sample_6,0.03006658,0.74450569,0.40088768,0.24339609,0.29493879,0.30066576,0.27775789,0.28634834,0.31498318,0.35220846,0.34218627,1.29858973,0.93635908,1.71236309,3.64378266,5.92025199,2.49123058,0.40947813,0.0,0.0
20180327_sample_3,0.0,0.0,0.08017992,0.11635866,0.21413904,0.35298719,0.44098954,0.74410873,1.74635768,8.34066686,7.00889802,0.95531436,0.0,0.0,0.0,0.0,0.0,0.0,0.0,0.0
20180327_sample_6,1.76528688,4.28840801,1.09185598,3.1696148,7.2173835,2.417168,0.05028284,0.0,0.0,0.0,0.0,0.0,0.0,0.0,0.0,0.0,0.0,0.0,0.0,0.0
20180329_sample_1,0.0,1.55250087,0.80628393,0.48053598,1.37229987,2.15317084,5.58854107,7.10176736,0.94490008,0.0,0.0,0.0,0.0,0.0,0.0,0.0,0.0,0.0,0.0,0.0
20180329_sample_4,0.90097676,4.23711687,0.96497137,1.06769956,0.87403166,1.37083193,1.10643314,2.35601213,2.60862243,2.34590771,2.08992927,0.07746716,0.0,0.0,0.0,0.0,0.0,0.0,0.0,0.0
20180329_sample_5,0.0,1.46026751,1.69000787,0.30841857,0.33044847,0.81510622,1.57356412,5.71833202,6.07710464,1.77498033,0.25177026,0.0,0.0,0.0,0.0,0.0,0.0,0.0,0.0,0.0
20180329_sample_6,0.08253429,0.51219808,0.41995388,0.37625925,0.66512926,1.83760165,0.91030465,1.45648744,1.27685399,7.1416434,3.12902051,1.74778493,0.44422867,0.0,0.0,0.0,0.0,0.0,0.0,0.0
20180329_sample_8,0.0,3.08538627,2.01865582,0.63142789,0.52140636,0.7079646,2.36307104,3.00406601,6.57737383,0.9758431,0.11480507,0.0,0.0,0.0,0.0,0.0,0.0,0.0,0.0,0.0
20180405_sample_2,4.63485477,3.70954357,1.61410788,0.83817427,1.41493776,1.08298755,5.2033195,1.46887967,0.03319502,0.0,0.0,0.0,0.0,0.0,0.0,0.0,0.0,0.0,0.0,0.0
20180405_sample_3,0.15936255,2.31800072,1.44875045,1.63708801,1.76747555,8.45345889,4.21586382,0.0,0.0,0.0,0.0,0.0,0.0,0.0,0.0,0.0,0.0,0.0,0.0,0.0
20180410_sample_3,8.0515054,4.88543836,1.92387805,2.9729218,2.16625639,0.0,0.0,0.0,0.0,0.0,0.0,0.0,0.0,0.0,0.0,0.0,0.0,0.0,0.0,0.0
20180410_sample_4,0.77894937,8.0060796,7.56910801,3.52047117,0.12539185,0.0,0.0,0.0,0.0,0.0,0.0,0.0,0.0,0.0,0.0,0.0,0.0,0.0,0.0,0.0
20180410_sample_5,1.59961838,6.24264589,5.76244236,5.8387661,0.55652727,0.0,0.0,0.0,0.0,0.0,0.0,0.0,0.0,0.0,0.0,0.0,0.0,0.0,0.0,0.0
20180410_sample_6,3.42849448,1.3816321,0.82951791,2.53164557,7.16940479,4.01023431,0.58981955,0.05925128,0.0,0.0,0.0,0.0,0.0,0.0,0.0,0.0,0.0,0.0,0.0,0.0
20180411_sample_1,1.34815173,4.85302408,7.10155432,6.6876057,0.00966417,0.0,0.0,0.0,0.0,0.0,0.0,0.0,0.0,0.0,0.0,0.0,0.0,0.0,0.0,0.0
20180412_sample_4,2.27240246,6.26268401,3.7901958,6.09118194,1.5835358,0.0,0.0,0.0,0.0,0.0,0.0,0.0,0.0,0.0,0.0,0.0,0.0,0.0,0.0,0.0
20180412_sample_7,0.0,0.0,0.27070926,0.51615232,0.34289839,1.88413644,2.60241834,6.764122,6.70276123,0.91680202,0.0,0.0,0.0,0.0,0.0,0.0,0.0,0.0,0.0,0.0
20180413_sample_4,0.02539145,0.80406263,2.82268303,9.56411342,6.6017774,0.18197207,0.0,0.0,0.0,0.0,0.0,0.0,0.0,0.0,0.0,0.0,0.0,0.0,0.0,0.0
20180417_sample_3,4.74518299,3.26530612,7.47235207,4.49891689,0.01824193,0.0,0.0,0.0,0.0,0.0,0.0,0.0,0.0,0.0,0.0,0.0,0.0,0.0,0.0,0.0
20180424_sample_2,4.22004417,10.52733297,5.20706792,0.04555494,0.0,0.0,0.0,0.0,0.0,0.0,0.0,0.0,0.0,0.0,0.0,0.0,0.0,0.0,0.0,0.0
20180424_sample_3,0.87787317,4.63860426,4.51398505,9.02243146,0.94710606,0.0,0.0,0.0,0.0,0.0,0.0,0.0,0.0,0.0,0.0,0.0,0.0,0.0,0.0,0.0
20180425_sample_2,1.085353,3.76185458,1.84931507,6.11872146,5.64980681,1.53494907,0.0,0.0,0.0,0.0,0.0,0.0,0.0,0.0,0.0,0.0,0.0,0.0,0.0,0.0
20180425_sample_9,1.20953576,6.78544542,6.19824341,5.74654956,0.06022585,0.0,0.0,0.0,0.0,0.0,0.0,0.0,0.0,0.0,0.0,0.0,0.0,0.0,0.0,0.0
20180426_sample_3,0.0,1.41133193,2.34354672,8.11807456,7.81301871,0.31402808,0.0,0.0,0.0,0.0,0.0,0.0,0.0,0.0,0.0,0.0,0.0,0.0,0.0,0.0
20180426_sample_7,0.0,0.0,0.56407112,1.39791539,0.86654404,0.86654404,0.71122011,2.51379522,10.91354997,2.16636011,0.0,0.0,0.0,0.0,0.0,0.0,0.0,0.0,0.0,0.0
20180501_sample_2,0.48111888,6.40559441,5.17202797,1.18041958,4.97622378,1.68671329,0.0979021,0.0,0.0,0.0,0.0,0.0,0.0,0.0,0.0,0.0,0.0,0.0,0.0,0.0
20180501_sample_4,2.5359179,5.96579247,2.65906499,8.33751425,0.50171038,0.0,0.0,0.0,0.0,0.0,0.0,0.0,0.0,0.0,0.0,0.0,0.0,0.0,0.0,0.0
20180501_sample_5,0.87540628,4.34236186,1.32611051,3.27193933,7.5276273,2.65655471,0.0,0.0,0.0,0.0,0.0,0.0,0.0,0.0,0.0,0.0,0.0,0.0,0.0,0.0
20180502_sample_3,0.0,1.57429139,1.21863152,0.31774689,0.40621051,0.39898899,1.01823434,9.67322621,4.79328399,0.53078173,0.06860444,0.0,0.0,0.0,0.0,0.0,0.0,0.0,0.0,0.0
20180508_sample_3,0.21033654,6.51241987,8.82612179,3.76802885,0.68309295,0.0,0.0,0.0,0.0,0.0,0.0,0.0,0.0,0.0,0.0,0.0,0.0,0.0,0.0,0.0
20180509_sample_1,1.63475097,4.53400045,1.64202866,2.45167159,6.53809416,3.07027519,0.12917899,0.0,0.0,0.0,0.0,0.0,0.0,0.0,0.0,0.0,0.0,0.0,0.0,0.0
20180509_sample_3,0.44898382,2.33098299,1.00476981,5.95188718,8.9226462,1.28162588,0.05910411,0.0,0.0,0.0,0.0,0.0,0.0,0.0,0.0,0.0,0.0,0.0,0.0,0.0
20180509_sample_4,1.71162594,3.67925526,2.34846081,2.5706125,6.88881836,2.80122712,0.0,0.0,0.0,0.0,0.0,0.0,0.0,0.0,0.0,0.0,0.0,0.0,0.0,0.0
20180509_sample_5,1.75723473,5.75080386,5.85530547,6.33038585,0.3062701,0.0,0.0,0.0,0.0,0.0,0.0,0.0,0.0,0.0,0.0,0.0,0.0,0.0,0.0,0.0
20180509_sample_7,0.0,0.0,0.14525383,0.30648558,0.77856053,0.30503305,1.95947418,4.07872758,8.96797153,3.09971676,0.35877696,0.0,0.0,0.0,0.0,0.0,0.0,0.0,0.0,0.0
20180510_sample_5,0.0,2.85082873,1.88287293,0.86629834,1.21325967,0.78453039,7.51160221,4.23867403,0.62762431,0.02430939,0.0,0.0,0.0,0.0,0.0,0.0,0.0,0.0,0.0,0.0
20180522_sample_4,0.96258595,0.82150192,0.79292794,0.52236807,0.83221716,2.29395482,5.50316993,6.17376551,1.70908117,0.38842754,0.0,0.0,0.0,0.0,0.0,0.0,0.0,0.0,0.0,0.0
20180522_sample_7,2.93011595,6.83484801,4.50955813,3.82638671,1.89909119,0.0,0.0,0.0,0.0,0.0,0.0,0.0,0.0,0.0,0.0,0.0,0.0,0.0,0.0,0.0
20180524_sample_8,0.0,0.17596229,1.05891595,0.93951296,1.52395915,2.44776119,11.56323645,2.290652,0.0,0.0,0.0,0.0,0.0,0.0,0.0,0.0,0.0,0.0,0.0,0.0
20180529_sample_3,2.31376418,2.13616182,1.23828318,1.92895905,8.52491367,3.85791811,0.0,0.0,0.0,0.0,0.0,0.0,0.0,0.0,0.0,0.0,0.0,0.0,0.0,0.0
20180621_sample_2,1.31228722,3.81925101,7.18043949,6.95140823,0.73661405,0.0,0.0,0.0,0.0,0.0,0.0,0.0,0.0,0.0,0.0,0.0,0.0,0.0,0.0,0.0
20180621_sample_4,0.35710349,0.70098093,6.10602888,9.87986333,2.95602337,0.0,0.0,0.0,0.0,0.0,0.0,0.0,0.0,0.0,0.0,0.0,0.0,0.0,0.0,0.0
20180709_sample_2,0.08641743,1.04828104,1.05955288,2.61506669,12.91377043,2.27691152,0.0,0.0,0.0,0.0,0.0,0.0,0.0,0.0,0.0,0.0,0.0,0.0,0.0,0.0
20180712_sample_13,5.83035481,6.64894081,6.69950309,0.82120129,0.0,0.0,0.0,0.0,0.0,0.0,0.0,0.0,0.0,0.0,0.0,0.0,0.0,0.0,0.0,0.0
20180717_sample_7,0.0,4.28975765,2.20060145,0.99770034,0.7836547,2.23421192,2.60392712,2.19529453,3.58924465,1.01362109,0.09198656,0.0,0.0,0.0,0.0,0.0,0.0,0.0,0.0,0.0
20180725_sample_3,0.2701934,4.74118316,5.32138794,8.19539249,1.471843,0.0,0.0,0.0,0.0,0.0,0.0,0.0,0.0,0.0,0.0,0.0,0.0,0.0,0.0,0.0
20180817_sample_6,0.0,0.08439768,0.50188488,0.25769426,0.33984133,0.39273055,1.04203005,10.48106679,6.87559782,0.02475665,0.0,0.0,0.0,0.0,0.0,0.0,0.0,0.0,0.0,0.0
20180820_sample_2,0.0,0.0,0.0,0.0,0.0,0.0,0.0,0.0,0.0,0.0,0.0,0.00714103545,1.60061209,1.83728641,4.74674828,7.66335119,3.62050497,0.524356032,0.0,0.0
20180820_sample_6,1.72331386,6.00637281,7.43494424,4.32554434,0.50982475,0.0,0.0,0.0,0.0,0.0,0.0,0.0,0.0,0.0,0.0,0.0,0.0,0.0,0.0,0.0
20180828_sample_4,0.75721692,3.97042821,4.64827498,7.74435128,2.87972861,0.0,0.0,0.0,0.0,0.0,0.0,0.0,0.0,0.0,0.0,0.0,0.0,0.0,0.0,0.0
20180828_sample_7,2.53623188,9.62541806,3.7090301,4.07246377,0.05685619,0.0,0.0,0.0,0.0,0.0,0.0,0.0,0.0,0.0,0.0,0.0,0.0,0.0,0.0,0.0
20180829_sample_8,2.28658293,7.44699576,9.37354988,0.89287143,0.0,0.0,0.0,0.0,0.0,0.0,0.0,0.0,0.0,0.0,0.0,0.0,0.0,0.0,0.0,0.0
20180926_sample_9,2.09111679,6.07176455,1.61627021,5.0951933,4.97334588,0.15230928,0.0,0.0,0.0,0.0,0.0,0.0,0.0,0.0,0.0,0.0,0.0,0.0,0.0,0.0
20181010_sample_5,2.48878009,12.53715685,4.97406306,0.0,0.0,0.0,0.0,0.0,0.0,0.0,0.0,0.0,0.0,0.0,0.0,0.0,0.0,0.0,0.0,0.0
20190108_sample_3,3.64744226,8.23154315,7.93821737,0.18279722,0.0,0.0,0.0,0.0,0.0,0.0,0.0,0.0,0.0,0.0,0.0,0.0,0.0,0.0,0.0,0.0
20190110_sample_7,0.18662973,4.76343224,1.98877306,1.38076839,1.87650361,7.02340162,2.60406794,0.17642342,0.0,0.0,0.0,0.0,0.0,0.0,0.0,0.0,0.0,0.0,0.0,0.0
20190117_sample_2,0.0,0.40728832,2.52411576,1.12540193,0.87888532,11.3397642,3.72454448,0.0,0.0,0.0,0.0,0.0,0.0,0.0,0.0,0.0,0.0,0.0,0.0,0.0
20190117_sample_4,0.42136625,6.2992126,2.02596297,1.01298149,2.57927219,6.40987444,1.25133007,0.0,0.0,0.0,0.0,0.0,0.0,0.0,0.0,0.0,0.0,0.0,0.0,0.0
20190122_sample_2,0.24071761,3.16112183,5.04598615,5.83399569,5.43431361,0.28386511,0.0,0.0,0.0,0.0,0.0,0.0,0.0,0.0,0.0,0.0,0.0,0.0,0.0,0.0
20190122_sample_6,2.18078538,13.31933811,4.37391949,0.12595703,0.0,0.0,0.0,0.0,0.0,0.0,0.0,0.0,0.0,0.0,0.0,0.0,0.0,0.0,0.0,0.0
20190130_sample_8,0.0,0.0,0.0,0.0,0.0,0.0,0.0,0.0,1.97095693,3.59438997,1.28335609,1.33052004,1.48938811,1.90641678,4.94973315,2.99615241,0.47908651,0.0,0.0,0.0
20190204_sample_2,0.0,0.0,0.0,0.0,0.0,0.10707151,0.95405513,1.26887735,0.76228526,0.78625649,0.98601678,2.56811826,2.63843388,7.8465841,2.08230124,0.0,0.0,0.0,0.0,0.0
20190204_sample_22,0.86078855,2.45341615,1.04779908,0.62651904,1.7168512,1.48123143,4.60032406,5.63394545,1.28544423,0.2936808,0.0,0.0,0.0,0.0,0.0,0.0,0.0,0.0,0.0,0.0
20190211_sample_10,0.0,0.0,0.0,0.0,0.0,0.0,0.0,0.25267994,1.1281266,0.81419091,1.06942318,1.36294028,2.80245023,5.97498724,5.46197039,1.13323124,0.0,0.0,0.0,0.0
20190211_sample_2,0.0,0.0,0.0,0.0,0.0,0.0,0.0,0.0,0.0,0.0,0.0,0.0,0.32106324,1.65160905,1.2872396,1.74718136,6.41529157,6.76472784,1.81288733,0.0
20190219_sample_8,0.0,0.0,0.0,0.0,0.0,0.0,0.0,0.0,0.0,0.0,0.26251641,1.60885055,0.90755672,0.71254453,1.77386087,3.68648041,6.7279205,4.32027002,0.0,0.0
20190222_sample_2,0.0,0.0,0.0,0.0,0.0,0.0,0.0,0.0,0.06418728,0.82688314,2.28053615,0.80800453,0.79290164,3.43590712,6.38474608,4.67056825,0.73626581,0.0,0.0,0.0
20190222_sample_3,0.0,0.0,0.0,0.0,0.0,0.0,0.0,0.0,0.0,0.0,0.0929332,0.89835431,0.99128751,1.29719264,2.66408519,6.57889642,4.02710552,2.30009681,1.1500484,0.0
20190222_sample_4,0.0,0.0,0.0,0.0,0.0,0.0,0.0,0.0,0.0,0.0,0.0,0.0,0.41865395,3.69369369,2.59671436,3.51351351,7.86963434,1.90779014,0.0,0.0
20190222_sample_5,0.0,0.0,0.0,0.0,0.0,0.0,0.30468277,3.31169393,0.82575954,1.12871116,2.47208517,5.80455293,5.80974639,0.34276811,0.0,0.0,0.0,0.0,0.0,0.0
20190222_sample_8,0.0,0.0,0.0,0.0,0.0,0.0,0.0,0.0,0.0,0.0,0.0,0.22749368,0.9546957,2.5607622,4.46820922,6.76064554,3.68656426,1.3416294,0.0,0.0
20190226_sample_3,0.0,0.0,0.0,0.0,0.0,0.0,0.0,0.0,0.0,0.0,0.0,0.0,0.0,0.0,0.0,0.14604151,3.68793236,11.64796311,4.51806303,0.0
20190226_sample_6,0.28564393,2.01674464,1.33464664,0.90618074,0.54666338,3.7035213,9.98030042,1.22629894,0.0,0.0,0.0,0.0,0.0,0.0,0.0,0.0,0.0,0.0,0.0,0.0
20190320_sample_4,0.0,0.0,0.0,0.0,0.0,0.0,0.0,0.0,0.0,0.0,0.0,0.0,0.0,0.0,0.0,0.0,0.0,1.61892902,10.20174346,8.17932752
20190320_sample_5,0.0,0.0,0.0,0.0,0.0,0.0,0.0,0.0,0.0,0.0,0.0,0.0,0.0,1.00217865,4.78680361,7.78089013,6.17491441,0.2552132,0.0,0.0
20190320_sample_6,0.0,0.0,0.0,0.0,0.0,0.0,0.0,0.0,0.0,0.0,0.0,1.25404008,1.08597285,1.57207498,1.67808662,5.62895928,7.79573368,0.98513251,0.0,0.0
20190321_sample_4,0.0,0.0,0.0,0.0,0.0,0.0,0.0,0.0,0.09829868,0.75047259,1.27410208,1.22117202,0.98676749,2.15122873,2.88279773,5.07183365,3.24574669,1.4536862,0.58979206,0.27410208
20190321_sample_6,0.0,0.0,0.0,0.0,0.0,0.0,0.0,0.0,1.74532254,2.26752304,0.99692823,1.20915945,2.18095504,1.77604021,4.38425021,5.28902541,0.15079587,0.0,0.0,0.0
20190322_sample_1,0.0,0.0,0.0,0.0,0.0,0.0,0.0,0.0,0.0,0.0,0.59040068,1.24734532,2.08268441,2.07418944,2.15206003,5.69163245,4.39614895,1.70607391,0.05946482,0.0
20190322_sample_2,0.88676039,5.55126423,5.12384778,7.13527988,1.30284773,0.0,0.0,0.0,0.0,0.0,0.0,0.0,0.0,0.0,0.0,0.0,0.0,0.0,0.0,0.0
20190322_sample_3,0.0,0.0,0.0,0.0,0.0,0.0,0.0,0.0,0.0,0.14494298,0.45614409,1.15314931,3.37845039,6.60130022,6.28370457,1.98230843,0.0,0.0,0.0,0.0
20190322_sample_4,0.0,0.0,0.0,0.0,0.0,0.0,0.0,0.46156419,1.67790847,1.41144991,1.00563019,0.46825353,0.96995373,1.20965494,4.33914934,5.59117008,2.64563242,0.2196332,0.0,0.0
20190325_sample_3,0.0,0.0,0.0,0.0,0.0,0.0,0.0,0.0,0.0,0.0,0.10705596,1.97080292,1.78588808,5.64963504,5.76155718,4.69586375,0.02919708,0.0,0.0,0.0
20190325_sample_4,0.0,0.0,0.0,0.0,0.0,0.0,0.0,0.0,0.0,0.27249237,1.11580926,2.20812779,1.91684285,3.90415786,8.8794926,1.70307728,0.0,0.0,0.0,0.0
20190325_sample_5,0.0,0.0,0.0,0.0,0.0,0.0,0.0,0.0,0.0,0.0,1.1784169,1.28022398,3.43853398,8.19546959,5.90735556,0.0,0.0,0.0,0.0,0.0
20190325_sample_6,0.0,0.0,0.0,0.0,0.0,0.0,0.0,0.0,0.0,0.0,0.0,0.0,2.23099415,4.09064327,6.07894737,7.31578947,0.28362573,0.0,0.0,0.0
20190325_sample_7,0.0,0.0,0.0,0.0,0.0,0.0,0.0,0.0,0.0,0.0,0.0,0.0,0.0,0.0,0.0,1.98941799,5.66772487,10.28571429,2.05714286,0.0
20190326_sample_1,0.0,0.0,0.0,0.0,0.0,0.0,0.0,0.0,0.0,0.0,0.76808352,1.10738255,1.35346756,4.64951529,7.03206562,3.9261745,1.16331096,0.0,0.0,0.0
20190328_sample_2,0.0,0.0,0.0,0.0,0.0,0.0,0.0,0.0,0.0,0.0,0.0,0.84826325,3.06032907,3.16270567,9.00914077,3.91956124,0.0,0.0,0.0,0.0
20190328_sample_3,0.0,0.0,0.0,0.0,0.0,0.0,0.0,0.0,0.0,0.0,0.13063063,0.81081081,1.20720721,0.53153153,2.67567568,1.66666667,3.33783784,6.55855856,2.82882883,0.25225225
20190328_sample_4,0.0,0.0,0.0,0.0,0.0,0.0,0.0,0.0,0.0,0.0,0.03848974,0.41605572,0.46004399,1.64222874,3.43108504,6.47910557,7.07844575,0.45454545,0.0,0.0
20190328_sample_5,0.0,0.0,0.0,0.0,0.0,0.0,0.0,0.0,0.0,0.0,0.0,0.44558182,2.01113955,2.85714286,4.0945356,8.60755683,1.98404335,0.0,0.0,0.0
20190328_sample_6,0.0,0.0,0.0,0.0,0.0,0.0,0.0,0.0,0.0,0.0,0.68959125,0.93984614,0.70627491,0.5802206,1.72027065,4.81230883,8.24914265,2.04838261,0.25396237,0.0
20190328_sample_9,0.0,0.0,0.0,0.0,0.0,0.0,0.0,0.0,0.0,0.0,0.0,0.0,0.0,0.0,0.17430002,2.16947895,6.20433896,7.91025403,2.29556833,1.24605971
20190329_sample_5,0.0,0.0,0.0,0.0,0.0,0.0,0.0,0.0,0.0,0.0,0.0,0.0,1.07554147,5.538299,12.62546223,0.76069731,0.0,0.0,0.0,0.0
20190402_sample_3,0.0,0.0,0.0,0.0,0.0,0.0,0.37689472,1.09791069,1.46661204,1.37648505,3.6009832,4.26874232,4.80131094,2.24088488,0.77017616,0.0,0.0,0.0,0.0,0.0
20190403_sample_5,0.0,0.0,0.0,0.0,0.0,0.0,0.0,0.0,0.0,0.0,0.0,0.0,0.0,0.79237713,1.95085256,5.47642929,7.74824473,4.03209629,0.0,0.0
20190409_sample_11,0.0,0.0,0.0,0.0,0.0,0.0,0.0,0.0,0.0,0.0,0.0,0.0,0.0,0.89914701,3.3958856,7.42197692,6.50275966,1.78023081,0.0,0.0
20190409_sample_5,0.0,0.0,0.0,0.0,0.0,0.0,0.0,0.0,0.0,0.0,0.0,0.0,0.0,1.06603677,3.51237547,10.18178084,5.08780939,0.15199754,0.0,0.0
20190409_sample_8,0.0,0.0,0.0,0.0,0.0,0.0,0.0,0.0,0.0,0.0,0.0,0.72773186,1.00550964,1.89623508,5.21349862,5.80578512,4.65794307,0.6932966,0.0,0.0
20190409_sample_9,0.0,0.0,0.0,0.0,0.0,0.0,0.0,0.0,0.0,0.0,0.0,0.0,0.0,0.57513555,3.99302866,10.67195972,4.5817196,0.17815647,0.0,0.0
20190410_sample_10,0.0,0.0,0.0,0.0,0.0,0.0,0.0,0.0,0.0,0.0,0.07209805,1.59516943,1.99891853,4.90987743,3.73828407,4.36733958,3.08399423,0.23431867,0.0,0.0
20190410_sample_3,0.0,0.0,0.0,0.0,0.0,0.0,0.0,0.0,0.0,0.0,0.87414871,2.33697173,3.79792891,7.38781603,5.60313462,0.0,0.0,0.0,0.0,0.0
20190410_sample_7,0.0,0.0,0.0,0.0,0.0,0.0,0.0,0.0,0.0,0.0,0.3828877,0.84278075,1.52513369,1.32620321,2.76149733,8.71657754,4.23529412,0.20962567,0.0,0.0
20190411_sample_5,0.0,0.0,0.0,0.0,0.0,0.0,0.0,0.0,0.0,0.0,0.0,0.0,0.0,0.45689313,1.36273341,6.13031387,5.41120381,5.79658323,0.84227255,0.0
20190411_sample_8,0.0,0.0,0.0,0.0,0.0,0.0,0.0,0.0,0.0,0.0,0.0,0.0,0.0,0.03386299,3.46704871,8.39541547,6.40010419,1.70356864,0.0,0.0
20190412_sample_3,0.0,0.0,0.0,0.0,0.0,0.0,0.0,0.0,0.0,0.0,0.0,0.0,0.61909498,2.44032819,4.45673794,4.71780209,6.25435107,1.51168573,0.0,0.0
20190415_sample_10,0.0,0.0,0.0,0.0,0.0,0.0,0.0,0.0,0.0,0.0,0.0,0.0,0.0,0.0,0.0,0.79468024,3.91593465,7.55110418,5.68097857,2.05730236
20190415_sample_3,0.0,0.0,0.0,0.0,0.44527363,2.7238806,5.06965174,1.63681592,1.52238806,2.09701493,1.55721393,1.44278607,1.68905473,1.8159204,0.0,0.0,0.0,0.0,0.0,0.0
20190415_sample_4,0.0,0.0,0.0,0.0,0.0,0.0,0.0,0.0,0.0,0.0,0.0,0.0,0.0,0.26566115,1.46884909,8.11380581,5.98680264,3.73982346,0.42505785,0.0
20190415_sample_6,0.0,0.0,0.0,0.0,0.0,0.0,0.0,0.0,0.0,0.0,0.0,0.0104425,0.40464691,1.3757995,2.78292651,6.67536875,7.70656572,1.0442501,0.0,0.0
20190416_sample_10,0.0,0.0,0.0,0.0,0.0,0.0,0.0,0.15214549,0.38749554,0.54915012,0.73695471,1.17437299,1.30036848,1.17912754,2.27029597,0.84393201,3.33769167,5.95506954,2.11339593,0.0
20190416_sample_9,0.0,0.0,0.0,0.0,0.0,0.0,0.0,0.0,0.0,0.0,0.0,0.0,0.0,0.0,0.0,0.0,1.0952381,5.29251701,6.41496599,7.19727891
20190417_sample_3,0.0,0.0,0.0,0.0,0.0,0.0,0.0,0.0,0.0,0.0,0.14094601,3.42331581,6.4859054,1.80363115,3.73148591,2.07596751,1.46918299,0.86956522,0.0,0.0
20190417_sample_9,0.0,0.0,0.0,0.0,0.0,0.0,0.0,0.0,0.0,0.0,0.0,0.0,0.31267243,1.6455153,3.91514929,6.61026301,6.85059163,0.66580835,0.0,0.0
20190418_sample_4,0.0,0.0,0.0,0.0,0.0,0.0,0.0,0.0,0.0,0.0,0.0,0.0,0.21419242,1.3339138,2.07923378,7.5263387,7.38354375,1.46277754,0.0,0.0
20190418_sample_5,0.0,0.0,0.0,0.0,0.0,0.0,0.0,0.0,0.0,0.0,0.0,0.0,0.51159901,1.80820215,8.85252693,5.86785418,2.95981773,0.0,0.0,0.0
20190418_sample_7,0.0,0.0,0.0,0.0,0.0,0.0,0.0,0.0,0.0,0.0,0.0,0.0,0.0,0.42377352,2.70617197,8.67768595,6.57991911,1.61244945,0.0,0.0
20190418_sample_9,0.0,0.0,0.0,0.0,0.0,0.0,0.0,0.0,0.0,0.0,0.0,0.0,0.0,0.0,0.0,0.12160414,3.13324709,8.63389392,5.76714101,2.34411384
20190422_sample_10,0.0,0.0,0.0,0.0,0.0,0.0,0.0,0.0,0.0,0.0,0.0,0.0,0.0,0.0,0.0,0.0,0.0369515,5.06235566,12.33256351,2.56812933
20190422_sample_6,0.0,0.0,0.0,0.0,0.0,0.0,0.0,0.0,0.0,0.0,0.0,0.0,0.0,0.0,0.09888752,1.76761434,14.0605686,3.91223733,0.16069221,0.0
20190422_sample_7,0.0,0.0,0.0,0.0,0.0,0.0,0.0,0.0,0.0,0.0,0.0,0.0,0.0,2.34968135,9.04405653,6.46716542,2.1390967,0.0,0.0,0.0
20190423_sample_1,0.0,0.0,0.0,0.0,0.0,0.0,0.0,0.0,0.0,0.0990862,1.1802268,0.77727623,1.78575361,3.93262138,3.03864362,4.29153363,3.49003633,1.4048222,0.0,0.0
20190423_sample_3,0.0,0.0,0.0,0.0,0.0,0.0,0.0,0.0,0.0,0.0,0.0,1.72050099,1.80619644,1.78642057,3.34871457,2.00395517,5.52406065,3.28938695,0.52076467,0.0
20190423_sample_5,0.0,0.0,0.0,0.0,0.0,0.0,0.0,0.0,0.0,0.0,0.0,0.0,0.0,0.0,0.0,0.0,3.14049587,8.42975207,5.21412472,3.21562735
20190424_sample_1,0.0,0.0,0.0,0.0,0.0,0.0,0.0,0.0,0.0,0.0,0.0,0.82788671,2.20915033,0.90631808,1.89542484,7.47276688,5.20261438,1.416122,0.06971678,0.0
20190424_sample_3,0.0,0.0,0.0,0.0,0.0,0.0,0.0,0.0,0.0,0.0,0.0,0.0,0.42518728,1.17837619,1.02854829,2.01255315,4.35310792,8.64547479,2.35675238,0.0
20190424_sample_4,0.0,0.0,0.0,0.0,0.0,0.0,0.0,0.0,0.0,0.0,0.0,0.0,0.0,0.77557138,3.09104534,5.67628325,8.84600974,1.6110903,0.0,0.0
20190424_sample_5,0.0,0.0,0.0,0.0,0.0,0.0,0.0,0.0,0.0,0.0,0.0,0.0,0.16405994,1.99715629,6.80083124,8.49174232,2.41058733,0.13562288,0.0,0.0
20190424_sample_6,0.0,0.0,0.0,0.0,0.0,0.0,0.0,0.0,0.0,0.0,0.0,0.0,0.0,0.0,0.0,0.0750469,3.20654955,6.18454716,7.25567116,3.27818523
20190425_sample_1,0.0,0.0,0.0,0.0,0.0,0.0,0.0,0.0,0.0,0.0,0.0,0.0,0.0,0.03477796,1.19983949,5.25147138,4.43418941,8.06848582,1.01123596,0.0
20190425_sample_16,0.0,0.0,0.0,0.0,0.0,0.0,0.0,0.0,0.0,0.0,0.0,0.0,0.0,0.68096831,5.76658138,6.94745129,4.10549105,1.96418028,0.53532769,0.0
20190425_sample_7,0.0,0.0,0.0,0.0,0.0,0.0,0.0,0.0,0.0,0.0,0.0,0.0,0.0,0.0,0.0,1.296875,5.9375,6.33984375,3.3515625,3.07421875
20190425_sample_8,0.0,0.0,0.0,0.0,0.0,0.0,0.0,0.0,0.0,0.0,0.0,0.0,0.0,0.15489467,2.08178439,8.90334572,5.57620818,3.28376704,0.0,0.0
20190425_sample_9,0.0,0.0,0.0,0.0,0.0,0.0,0.0,0.0,0.0,0.0,0.0,0.0,0.0,0.0,0.02298851,1.40229885,2.61412151,2.60591133,6.72085386,6.63382594
20190429_sample_7,0.0,0.0,0.0,0.0,0.0,0.0,0.0,0.0,0.0,0.0,0.0,0.0,0.0,0.0,1.40919367,2.10248681,2.04220045,2.70535041,9.18613414,2.55463451
20190430_sample_7,1.02061705,4.3690598,1.63766633,1.56163182,7.85787396,3.55315105,0.0,0.0,0.0,0.0,0.0,0.0,0.0,0.0,0.0,0.0,0.0,0.0,0.0,0.0
20190430_sample_9,5.55073362,1.85988841,3.71564373,7.62967555,1.24405869,0.0,0.0,0.0,0.0,0.0,0.0,0.0,0.0,0.0,0.0,0.0,0.0,0.0,0.0,0.0
20190501_sample_12,0.0,0.0,0.0,0.0,0.0,0.0,0.0,0.82049189,0.67762017,1.31237881,0.71435861,2.67782427,3.05745484,2.64108583,3.83916726,3.06153689,0.84294316,0.35513828,0.0,0.0
20190506_sample_4,0.0,0.0,0.0,0.0,0.0,0.0,0.0,0.0,0.0,0.0,0.0,0.28156997,1.22013652,1.09215017,1.6894198,2.73890785,4.10409556,5.52047782,2.80290102,0.5503413
20190506_sample_6,0.0,0.0,0.0,0.0,0.0,0.0,0.0,0.0,0.0,0.0,0.0,0.0,0.0,0.0,0.0,0.49857743,5.29467552,13.00907736,1.19766969,0.0
20190507_sample_3,0.0,0.0,0.0,0.0,0.0,0.0,0.0,0.0,0.0,0.0,0.0,0.0,0.40383896,1.01956874,5.32219868,2.87174374,7.03228219,3.35036769,0.0,0.0
20190604_sample_12,0.0,0.0,0.0,0.0,0.0,0.0,0.0,0.0,0.0,0.85330036,1.75915907,1.65095069,1.32014222,4.64368527,4.81991034,4.55093523,0.40191683,0.0,0.0,0.0
20190606_sample_6,3.93019015,4.82104715,0.85959885,6.34436051,3.16957541,0.87522792,0.0,0.0,0.0,0.0,0.0,0.0,0.0,0.0,0.0,0.0,0.0,0.0,0.0,0.0
20190627_sample_1,0.0,0.0,0.0,0.0,0.0,0.0,0.0,0.0,0.0,0.0,0.0,0.0,0.0,0.0,6.76361386,10.86633663,2.3700495,0.0,0.0,0.0
20190627_sample_4,0.0,0.0,0.0,0.0,0.0,0.26222277,0.94841318,0.8846955,0.87979414,1.24249479,2.01936037,1.78164441,7.54074256,3.8108075,0.62982478,0.0,0.0,0.0,0.0,0.0
20190627_sample_8,0.0,0.0,0.83333333,1.04564756,1.35350318,1.5552017,12.30360934,2.90870488,0.0,0.0,0.0,0.0,0.0,0.0,0.0,0.0,0.0,0.0,0.0,0.0
20190712_sample_1,0.0,0.0,0.0,0.0,0.0,0.0,0.0,0.0,0.0,0.0,0.0,0.0,0.0,0.0,0.05596708,1.58024691,3.98683128,3.78930041,6.82139918,3.76625514
20190718_sample_2,0.0,0.0,0.0,0.0,0.0,0.0,0.0,0.0,0.0,0.0,0.0,0.0,0.0,0.0,0.0,0.0,0.0,0.95753539,12.95587011,6.0865945
20190718_sample_3,0.0,0.0,0.0,0.0,0.0,0.0,0.0,0.0,0.0,0.0,0.0,0.0,0.0,0.0,0.0,0.0,0.6077488,6.91820714,6.02177767,6.4522664
20190719_sample_1,0.0,0.0,0.0,0.0,0.0,0.0,0.0,0.0,0.0,0.0,0.0,0.0,0.0,0.86511515,1.7692214,1.83745583,4.74716705,8.52443036,2.25661021,0.0
20190719_sample_10,0.0,0.0,0.0,0.0,0.0,0.0,0.0,3.79012679,11.78850823,3.84947397,0.57189102,0.0,0.0,0.0,0.0,0.0,0.0,0.0,0.0,0.0
20190719_sample_2,0.0,0.0,0.0,0.0,0.25367834,7.40402503,10.57331304,1.7689836,0.0,0.0,0.0,0.0,0.0,0.0,0.0,0.0,0.0,0.0,0.0,0.0
20190719_sample_5,0.0,0.0,0.0,0.68941585,0.96934644,1.35106998,5.11740891,10.95662233,0.9161365,0.0,0.0,0.0,0.0,0.0,0.0,0.0,0.0,0.0,0.0,0.0
20190719_sample_6,0.0,0.0,0.0,0.0,0.0,0.06124636,0.202113,0.28479559,0.19905068,0.20517532,0.89725923,1.43316491,2.41310672,2.05787781,4.88133517,5.66835094,1.684275,0.01224927,0.0,0.0
20190719_sample_9,0.0,2.79462678,1.21312838,3.20454231,9.64686332,3.14083922,0.0,0.0,0.0,0.0,0.0,0.0,0.0,0.0,0.0,0.0,0.0,0.0,0.0,0.0
20190722_sample_1,0.0,0.0,0.0,0.0,0.0,0.0,0.0,0.0,0.0,0.0,0.0,0.0,0.0,0.0,0.45840407,2.34861347,2.54102999,3.93887946,6.61856254,4.09451047
20190722_sample_6,0.0,0.0,0.0,0.0,0.0,0.0,0.0,0.0,0.0,0.0,0.0,0.0,0.0,0.0,0.0,0.0,1.08707709,4.66444814,11.79700499,2.45146977
20190722_sample_7,0.0,0.0,0.0,0.0,0.0,0.0,0.0,0.0,0.0,0.0,0.0,0.0,0.0,0.0,0.0,1.19212347,4.1830761,1.47951038,10.19691325,2.9483768
20190724_sample_2,0.0,0.0,0.0,0.0,0.0,0.0,0.0,0.0,0.0,0.0,0.0,0.0,0.0,0.0,0.0,1.41044618,4.88898287,9.04419539,4.65637556,0.0
20190725_sample_5,0.0,0.0,0.0,0.0,0.0,0.0,0.0,0.0,0.0,0.0,0.0,0.0,0.0,0.0,0.0,0.07948336,2.08643815,2.2122868,11.89269747,3.72909422
20190726_sample_4,0.0,0.0,0.0,0.0,0.0,0.0,5.70389232,12.95743907,1.33866861,0.0,0.0,0.0,0.0,0.0,0.0,0.0,0.0,0.0,0.0,0.0
20190801_sample_1,0.0,0.0,0.68077277,1.96412144,1.44434223,0.77276909,2.31370745,10.40938362,2.4149034,0.0,0.0,0.0,0.0,0.0,0.0,0.0,0.0,0.0,0.0,0.0
20190820_sample_2,0.0,0.0,0.0,0.0,0.0,0.0,0.0,0.0,0.0,0.0,0.0,0.0,0.0,0.0,0.68571429,3.2,10.42857143,5.30857143,0.37714286,0.0
20190820_sample_6,0.0,0.0,0.0,0.0,0.0,0.0,0.0,0.0,0.0,0.0,0.0,0.0,0.0,0.13854527,4.51591621,3.17334653,5.39336962,5.69355105,1.08527132,0.0
20190821_sample_2,0.0,0.0,0.0,0.0,0.0,0.55841293,4.29586089,12.27038942,2.87533676,0.0,0.0,0.0,0.0,0.0,0.0,0.0,0.0,0.0,0.0,0.0
20190821_sample_3,0.0,0.0,0.0,0.0,0.0,0.0,0.0,0.0,0.0,0.0,0.0,0.0,0.0,0.0,0.60018187,1.10336466,4.2982722,12.42800849,1.57017278,0.0
20190821_sample_5,0.0,0.0,0.0,0.0,0.0,0.0,0.0,0.0,0.0,0.0,0.0,0.44480519,1.21428571,3.5974026,4.25,5.47077922,4.63961039,0.38311688,0.0,0.0
20190823_sample_1,0.04249894,0.92647684,1.24096898,1.07947301,1.89545261,8.99277518,5.04887378,0.77348066,0.0,0.0,0.0,0.0,0.0,0.0,0.0,0.0,0.0,0.0,0.0,0.0
20190823_sample_6,0.0,0.0,0.0,0.0,0.0,0.0,0.10924845,0.63539901,1.44032147,1.53324543,3.59766434,2.35700383,4.27952533,4.29459409,1.49682928,0.25616877,0.0,0.0,0.0,0.0
20190830_sample_2,0.0,0.0,0.0,0.0,0.0,0.0,0.0,0.0,0.09916095,0.27968472,2.15357234,2.11034833,2.96720061,2.23747775,6.76074244,2.65700483,0.73480803,0.0,0.0,0.0
20190830_sample_6,0.45098039,2.08823529,1.54901961,1.40196078,2.38235294,8.16666667,3.96078431,0.0,0.0,0.0,0.0,0.0,0.0,0.0,0.0,0.0,0.0,0.0,0.0,0.0
20190830_sample_9,0.0,0.23529412,0.60207612,0.86851211,0.84775087,1.01730104,1.66782007,1.32871972,3.89965398,5.43598616,3.00692042,1.0899654,0.0,0.0,0.0,0.0,0.0,0.0,0.0,0.0
20190906_sample_5,0.0,0.0,0.0,0.0,0.0,0.0,0.0,0.0,0.0,0.0,0.0,0.0,0.38100013,4.84020554,10.97631282,3.44153403,0.36094749,0.0,0.0,0.0
20190911_sample_9,0.0,0.0,0.0,0.0,0.0,0.0,0.0,0.0,0.0,0.0,0.45232588,2.00976613,1.61398098,7.05217168,6.82086867,2.05088666,0.0,0.0,0.0,0.0
20190912_sample_1,0.0,0.0,0.0,0.0,0.0,0.61211998,2.6035503,1.51805754,1.62823913,1.86492553,1.20383595,3.88900224,2.13833911,3.77882065,0.76310957,0.0,0.0,0.0,0.0,0.0
20190912_sample_2,0.0,0.0,0.0,0.0,0.0,0.0,0.0,0.0,0.0,0.0,0.0,0.0,0.0,0.0,1.12534983,4.06539991,4.86080424,1.38753867,6.96715275,1.5937546
20190912_sample_6,0.0,0.0,0.02733307,0.76923077,0.69894572,0.9800859,1.71807888,2.50683327,3.54549004,5.1034752,3.96329559,0.68723155,0.0,0.0,0.0,0.0,0.0,0.0,0.0,0.0
20190912_sample_8,0.0,0.0,0.0,0.0,0.3187002,3.53382284,1.48726761,1.19356351,0.54678956,1.06545852,1.20606155,4.0806124,2.0653023,3.09326668,1.40915482,0.0,0.0,0.0,0.0,0.0
20190917_sample_3,0.1025402,1.44488464,1.253787,0.99277558,1.0766721,6.23630855,8.72057795,0.17245397,0.0,0.0,0.0,0.0,0.0,0.0,0.0,0.0,0.0,0.0,0.0,0.0
20190919_sample_5,0.0,0.0,0.0,0.0,0.0,0.0,0.0,0.0,0.0,0.0,0.0,0.0,0.0,0.0,0.35080645,2.54032258,2.7016129,10.33467742,3.59677419,0.47580645
20190924_sample_8,0.0,0.0,0.0,0.0,0.0,0.0,0.0,0.0,0.0,0.0,0.0,0.0,0.0,0.0,0.0,0.27960526,1.60361842,5.89638158,10.97587719,1.24451754
20190926_sample_2,0.06171108,1.11640954,0.8742403,1.13604488,0.60963067,0.79008883,0.60495559,0.74053296,2.14212249,5.25572698,5.0116877,1.52127162,0.13557737,0.0,0.0,0.0,0.0,0.0,0.0,0.0
20190926_sample_4,0.0,0.37253308,0.8574174,0.35627171,0.31192254,0.36809816,0.37105477,0.4789711,0.60906201,1.01411782,1.90701456,2.15389164,4.55022544,4.77640624,1.62465814,0.24835538,0.0,0.0,0.0,0.0
20190927_sample_1,0.19852262,4.39981533,2.3176362,5.3601108,6.44967682,1.27423823,0.0,0.0,0.0,0.0,0.0,0.0,0.0,0.0,0.0,0.0,0.0,0.0,0.0,0.0
20190927_sample_2,0.0,0.0,0.0,0.0,0.0,0.0,0.0,0.0,0.0,0.0,0.65518606,1.54592241,2.77513856,4.19239905,2.81274743,6.14608076,1.87252573,0.0,0.0,0.0
20190927_sample_4,0.0,0.0,0.0,0.0,0.0,0.0,0.0,0.0,0.0,0.0,0.0,0.20162252,0.68360773,1.37675972,1.9780482,3.85707468,6.82772608,4.6277738,0.44738726,0.0
20190927_sample_7,0.0,0.0,0.0,0.0,0.0,0.0,0.9631728,5.31869688,1.12606232,1.60056657,4.01203966,4.81232295,1.97946176,0.18767705,0.0,0.0,0.0,0.0,0.0,0.0
20191003_sample_6,0.0,0.0,0.0,0.0,0.0,0.0,0.0,0.0,0.0,0.0,0.0,0.0,0.0,0.0,0.0,0.0,1.71501843,4.20900785,7.89870172,6.177272
20191010_sample_1,0.10281518,1.17258262,0.60954712,0.51652387,0.8372093,1.64749082,2.00244798,2.0244798,4.04651163,5.89228886,1.14810282,0.0,0.0,0.0,0.0,0.0,0.0,0.0,0.0,0.0
20191010_sample_3,0.0,1.42188962,1.1724353,1.47178048,1.27845338,4.29061428,9.03648269,1.32834425,0.0,0.0,0.0,0.0,0.0,0.0,0.0,0.0,0.0,0.0,0.0,0.0
20191010_sample_7,1.51198907,1.32935768,0.26587154,0.75288856,2.25245372,4.03528389,6.2628898,3.48117779,0.10808796,0.0,0.0,0.0,0.0,0.0,0.0,0.0,0.0,0.0,0.0,0.0
20191030_sample_3,1.68349768,3.21254604,1.09302602,0.74610906,1.13698467,1.80824522,2.49257455,5.59344184,2.06605679,0.16751812,0.0,0.0,0.0,0.0,0.0,0.0,0.0,0.0,0.0,0.0
20191101_sample_4,0.0,0.0,0.0,0.0,0.0,0.0,0.0,0.0,0.0,0.0,0.0,0.0,0.0,0.0,0.0,0.0,0.0,0.4038591,9.95737043,9.63877047
20191105_sample_2,0.0,0.32660903,2.17483189,1.31412104,1.78290106,6.28242075,4.24207493,3.87704131,0.0,0.0,0.0,0.0,0.0,0.0,0.0,0.0,0.0,0.0,0.0,0.0
20191106_sample_3,0.0,0.0,0.0,0.0,0.0,0.0,0.0,0.0,0.0,0.0,0.0,0.0,0.88906796,2.86059629,2.66720387,4.46682783,7.16626377,1.95004029,0.0,0.0
20191108_sample_1,0.0,0.0,0.0,0.0,0.0,0.0,0.0,0.0,0.0,0.19019638,0.5520334,0.92314829,1.05922375,2.28854183,1.78135148,3.82248338,7.21045307,2.17256842,0.0,0.0
20191108_sample_4,0.0,0.0,0.0,0.0,0.0,0.0,0.0,0.0,0.0,0.0,0.0,0.0,0.0,0.0,0.71419396,1.4386641,3.83558125,4.52922286,8.72190109,0.76043674
20191108_sample_5,0.0,0.0,0.25981934,0.44250482,0.82411448,0.48005684,1.72942251,1.34882777,4.11143814,5.19232721,3.90337968,1.47975236,0.22835685,0.0,0.0,0.0,0.0,0.0,0.0,0.0
20191114_sample_2,0.0,0.0,0.0,0.0,0.0,0.0,0.0,0.0,0.0,0.0,0.0,0.0,0.0,0.0,0.0,0.21036229,0.75574601,5.22789248,5.91741332,7.8885859
20191114_sample_3,1.19980459,9.91499756,7.00537372,1.65315095,0.22667318,0.0,0.0,0.0,0.0,0.0,0.0,0.0,0.0,0.0,0.0,0.0,0.0,0.0,0.0,0.0
20191114_sample_7,0.50669679,0.64224625,0.48733258,1.08762304,1.31031144,2.7303534,1.61045667,5.91576569,4.55704373,1.15217041,0.0,0.0,0.0,0.0,0.0,0.0,0.0,0.0,0.0,0.0
20191114_sample_9,0.27798206,0.95602294,0.89571996,1.01338432,0.910428,0.79276364,0.33828504,0.70598617,2.85483159,4.06530372,5.29489631,1.73260774,0.1617885,0.0,0.0,0.0,0.0,0.0,0.0,0.0
20200106_sample_4,3.18697583,6.97253741,7.53165598,2.30883078,0.0,0.0,0.0,0.0,0.0,0.0,0.0,0.0,0.0,0.0,0.0,0.0,0.0,0.0,0.0,0.0
20200225_sample_2,0.0,0.07279947,1.16148246,0.6386499,0.6485771,0.63534083,0.52945069,0.96624752,10.16545334,5.18199868,0.0,0.0,0.0,0.0,0.0,0.0,0.0,0.0,0.0,0.0
20200316_sample_1,0.0,1.11111111,3.65486365,0.96459096,0.69393569,0.28286528,0.21774522,0.65730566,1.37159137,2.64143264,3.41269841,4.13512414,0.82417582,0.03256003,0.0,0.0,0.0,0.0,0.0,0.0
20180213_sample_5,0.0,0.0,0.0,0.0,0.0,0.0,0.0,0.0,0.0,0.0,0.0,0.0,0.29016011,4.662858,9.05359693,4.10884763,1.16139217,0.4968804,0.22626475,0.0
20180215_sample_1,0.0,0.0,0.0,0.0,0.0,0.16656446,0.63025459,2.0470416,2.95068347,5.400091,3.81397005,3.22407074,1.62449803,0.14282606,0.0,0.0,0.0,0.0,0.0,0.0
20180306_sample_1,0.0,0.0,0.3144404,3.16336831,9.80515707,5.41277949,0.93598018,0.26733552,0.08992751,0.01101153,0.0,0.0,0.0,0.0,0.0,0.0,0.0,0.0,0.0,0.0
20180327_sample_1,0.0,0.0,0.122339124,1.1358508,1.10703314,1.07875921,2.8072751,4.34820433,5.97504282,2.71103499,0.569284724,0.140282196,0.00489356496,0.0,0.0,0.0,0.0,0.0,0.0,0.0
20180327_sample_4,0.0,0.0,0.0,0.10358102,0.58825159,0.69183261,0.59600631,2.31146315,5.06993104,6.3843576,2.64436259,0.80483009,0.72340543,0.08197856,0.0,0.0,0.0,0.0,0.0,0.0
20180327_sample_5,0.0,0.0,0.0,0.0,0.0,0.0,0.0,0.0,0.43963372,7.8426142,8.17246775,3.39856875,0.14671557,0.0,0.0,0.0,0.0,0.0,0.0,0.0
20180404_sample_2,0.0,0.0,0.03384563,1.41290134,6.64635929,8.61740589,2.71595822,0.46122367,0.08584483,0.02646113,0.0,0.0,0.0,0.0,0.0,0.0,0.0,0.0,0.0,0.0
20180404_sample_5,0.0,0.0,0.0,0.0,0.0,0.0,0.0,0.0,0.0,0.0,0.12376238,0.58352644,4.27375184,6.8538024,6.03381083,1.67579524,0.38024015,0.07531072,0.0,0.0
20180410_sample_9,0.0,0.87770392,6.33734243,7.18347747,4.48633868,0.87903782,0.23609969,0.0,0.0,0.0,0.0,0.0,0.0,0.0,0.0,0.0,0.0,0.0,0.0,0.0
20180411_sample_4,0.0,0.0,0.1702791,2.19684024,9.87468897,6.27754294,1.33854963,0.07824445,0.06385466,0.0,0.0,0.0,0.0,0.0,0.0,0.0,0.0,0.0,0.0,0.0
20180411_sample_5,0.0,0.0,0.0,0.13036967,1.43582817,6.13265995,9.40540858,2.27853305,0.50151217,0.1156884,0.0,0.0,0.0,0.0,0.0,0.0,0.0,0.0,0.0,0.0
20180417_sample_1,0.0,1.87963874,9.32129125,5.86068139,2.14074935,0.47393365,0.32370562,0.0,0.0,0.0,0.0,0.0,0.0,0.0,0.0,0.0,0.0,0.0,0.0,0.0
20180510_sample_2,0.0,0.0,0.0,0.10823221,3.98491309,11.06100361,4.48220728,0.36364382,0.0,0.0,0.0,0.0,0.0,0.0,0.0,0.0,0.0,0.0,0.0,0.0
20180515_sample_1,0.0,0.01613988,0.98587761,6.75453934,7.94351042,3.03564223,1.25218561,0.01210491,0.0,0.0,0.0,0.0,0.0,0.0,0.0,0.0,0.0,0.0,0.0,0.0
20180524_sample_9,0.0,0.0,0.0,0.0,0.0,0.0,0.516853933,9.70522141,8.2881692,0.963648381,0.519497687,0.00660938533,0.0,0.0,0.0,0.0,0.0,0.0,0.0,0.0
20180621_sample_7,0.0,1.46566557,10.22211794,7.51759737,0.57093696,0.22368215,0.0,0.0,0.0,0.0,0.0,0.0,0.0,0.0,0.0,0.0,0.0,0.0,0.0,0.0
20180628_sample_2,0.0,0.0,0.0,0.0,2.69136666,14.18501689,3.12361645,0.0,0.0,0.0,0.0,0.0,0.0,0.0,0.0,0.0,0.0,0.0,0.0,0.0
20180704_sample_5,0.0,0.02153625,0.24886336,1.42474276,3.82053123,7.11222781,6.03350084,1.26346016,0.07513759,0.0,0.0,0.0,0.0,0.0,0.0,0.0,0.0,0.0,0.0,0.0
20180705_sample_1,0.0,0.0,0.0,0.0,0.0,1.25965803,5.04867368,5.20264428,1.25407938,1.1374857,1.62394354,2.95221891,1.24236423,0.276700789,0.00223145798,0.0,0.0,0.0,0.0,0.0
20180711_sample_1,0.4311897,1.39790407,11.44176169,4.90374406,1.5650247,0.26037579,0.0,0.0,0.0,0.0,0.0,0.0,0.0,0.0,0.0,0.0,0.0,0.0,0.0,0.0
20180711_sample_3,1.13139795,3.29199238,2.82020827,6.94307102,4.70182029,0.83473745,0.15302599,0.10441124,0.01933541,0.0,0.0,0.0,0.0,0.0,0.0,0.0,0.0,0.0,0.0,0.0
20180712_sample_14,0.0,0.0,0.14110811,1.40195061,3.45299855,5.69163727,5.63021374,3.01971363,0.59597427,0.06640382,0.0,0.0,0.0,0.0,0.0,0.0,0.0,0.0,0.0,0.0
20180717_sample_3,0.0,0.0,0.0,0.0,0.19789585,0.5484267,2.18696584,5.45296964,5.2512218,4.62623685,1.14548475,0.55613068,0.03466789,0.0,0.0,0.0,0.0,0.0,0.0,0.0
20180717_sample_4,0.0458553792,0.19664903,2.83686067,9.41093474,6.22663139,0.972663139,0.305996473,0.00440917108,0.0,0.0,0.0,0.0,0.0,0.0,0.0,0.0,0.0,0.0,0.0,0.0
20180719_sample_1,0.0,0.0,0.0,0.18165201,3.43482235,9.40077688,6.34868045,0.30446704,0.13252599,0.19707529,0.0,0.0,0.0,0.0,0.0,0.0,0.0,0.0,0.0,0.0
20180720_sample_5,0.0,0.0,0.0,0.09443073,5.83324391,12.30818757,1.76413778,0.0,0.0,0.0,0.0,0.0,0.0,0.0,0.0,0.0,0.0,0.0,0.0,0.0
20180725_sample_9,19.41943901,0.58056099,0.0,0.0,0.0,0.0,0.0,0.0,0.0,0.0,0.0,0.0,0.0,0.0,0.0,0.0,0.0,0.0,0.0,0.0
20180817_sample_2,0.0,0.23498586,3.18374646,8.51231076,6.09757112,1.21984695,0.38096822,0.24413575,0.12643487,0.0,0.0,0.0,0.0,0.0,0.0,0.0,0.0,0.0,0.0,0.0
20180817_sample_3,0.11174045,2.8728856,9.4339768,5.76272493,1.3555273,0.18417909,0.17261974,0.08862174,0.01772435,0.0,0.0,0.0,0.0,0.0,0.0,0.0,0.0,0.0,0.0,0.0
20180817_sample_4,0.0,0.0,0.0,0.0,0.0,0.32941017,5.53030303,11.63758117,2.50270563,0.0,0.0,0.0,0.0,0.0,0.0,0.0,0.0,0.0,0.0,0.0
20180820_sample_1,0.92545567,0.76237233,2.1161334,3.84966988,5.40601546,4.2311382,2.25777326,0.37243948,0.0507872,0.02821511,0.0,0.0,0.0,0.0,0.0,0.0,0.0,0.0,0.0,0.0
20180820_sample_4,1.25167572,4.73670594,3.39753992,6.04717891,3.61579529,0.85373598,0.09736824,0.0,0.0,0.0,0.0,0.0,0.0,0.0,0.0,0.0,0.0,0.0,0.0,0.0
20180820_sample_5,4.82241599,7.58400681,5.0935772,2.13632497,0.36367503,0.0,0.0,0.0,0.0,0.0,0.0,0.0,0.0,0.0,0.0,0.0,0.0,0.0,0.0,0.0
20180820_sample_7,0.04919736,1.83769112,4.79801514,7.01740993,3.98583455,1.86101745,0.34947092,0.08058189,0.02078164,0.0,0.0,0.0,0.0,0.0,0.0,0.0,0.0,0.0,0.0,0.0
20180822_sample_1,0.0,0.0,0.0,0.0,0.344625722,5.92532261,12.7659141,0.958028965,0.00610858001,0.0,0.0,0.0,0.0,0.0,0.0,0.0,0.0,0.0,0.0,0.0
20180822_sample_2,0.0,0.0,0.0,0.0,0.0,0.0,0.28337099,5.66152637,7.01601022,3.99322267,2.39072783,0.35114429,0.18121992,0.10755329,0.01522444,0.0,0.0,0.0,0.0,0.0
20180822_sample_3,0.0,0.75357631,8.60470937,8.16958355,2.07782206,0.17251006,0.10319798,0.05698993,0.06161074,0.0,0.0,0.0,0.0,0.0,0.0,0.0,0.0,0.0,0.0,0.0
20180822_sample_4,0.0,0.0,0.0,0.0,0.0,0.60562925,3.72824329,6.51310256,5.08443869,3.85247493,0.21611129,0.0,0.0,0.0,0.0,0.0,0.0,0.0,0.0,0.0
20180822_sample_6,0.0,1.37585794,11.0314212,6.66078962,0.654240917,0.162458283,0.110824255,0.00440778289,0.0,0.0,0.0,0.0,0.0,0.0,0.0,0.0,0.0,0.0,0.0,0.0
20180822_sample_7,0.0,1.54692621,7.39139934,7.83712385,2.59092263,0.396861655,0.105273612,0.0615751316,0.0639586851,0.0059588837,0.0,0.0,0.0,0.0,0.0,0.0,0.0,0.0,0.0,0.0
20180828_sample_2,0.0,0.00316005688,0.355937316,10.7973398,7.73495741,0.541806116,0.199945417,0.140191614,0.0887688706,0.137893391,0.0,0.0,0.0,0.0,0.0,0.0,0.0,0.0,0.0,0.0
20180828_sample_3,0.0,0.0,0.02397973,0.73251289,5.1307574,5.39634422,4.6389467,3.75169668,0.32576237,0.0,0.0,0.0,0.0,0.0,0.0,0.0,0.0,0.0,0.0,0.0
20180828_sample_5,0.0,0.0,0.0,0.0,0.01140689,2.0462561,9.76708996,6.53172395,1.21401883,0.29611351,0.10685228,0.02653847,0.0,0.0,0.0,0.0,0.0,0.0,0.0,0.0
20180828_sample_6,0.0,0.0,0.27041218,4.51299554,10.57823576,3.76739302,0.69506432,0.17589919,0.0,0.0,0.0,0.0,0.0,0.0,0.0,0.0,0.0,0.0,0.0,0.0
20180829_sample_2,3.28324158,5.17383326,4.60050588,4.93874919,1.5047364,0.3372514,0.16168229,0.0,0.0,0.0,0.0,0.0,0.0,0.0,0.0,0.0,0.0,0.0,0.0,0.0
20180829_sample_6,8.21773154,8.05242151,2.28165561,1.19614067,0.22942267,0.02262799,0.0,0.0,0.0,0.0,0.0,0.0,0.0,0.0,0.0,0.0,0.0,0.0,0.0,0.0
20180829_sample_7,0.83534622,4.75241546,6.61332528,6.02556361,1.63446055,0.13888889,0.0,0.0,0.0,0.0,0.0,0.0,0.0,0.0,0.0,0.0,0.0,0.0,0.0,0.0
20180830_sample_1,0.0,0.0,0.0,0.2162753,1.01852394,2.43875778,9.63713377,5.68952392,0.99978529,0.0,0.0,0.0,0.0,0.0,0.0,0.0,0.0,0.0,0.0,0.0
20180904_sample_2,0.0,4.23647032,11.90652409,2.94984768,0.39766106,0.19361698,0.154362,0.16151786,0.0,0.0,0.0,0.0,0.0,0.0,0.0,0.0,0.0,0.0,0.0,0.0
20180904_sample_3,0.0,0.0,0.0,0.0,0.21051491,5.39427519,10.79992956,3.50587247,0.08940788,0.0,0.0,0.0,0.0,0.0,0.0,0.0,0.0,0.0,0.0,0.0
20180904_sample_4,0.0,0.0,0.0,0.0,0.0,0.0,0.0,0.15730606,2.83509779,5.49434775,7.75165979,2.60781147,0.82959507,0.23386566,0.09031641,0.0,0.0,0.0,0.0,0.0
20180904_sample_5,0.0,0.0,0.12869574,1.32706018,4.312749,7.66827427,3.53402181,0.9257706,1.46204655,0.31846299,0.11663871,0.10327113,0.10300902,0.0,0.0,0.0,0.0,0.0,0.0,0.0
20180904_sample_7,0.0,0.1521434,6.46944374,10.41624139,2.57304159,0.341605,0.04752488,0.0,0.0,0.0,0.0,0.0,0.0,0.0,0.0,0.0,0.0,0.0,0.0,0.0
20180904_sample_9,0.05582348,0.18089636,2.15697705,8.45690462,7.4227569,1.66799159,0.05864999,0.0,0.0,0.0,0.0,0.0,0.0,0.0,0.0,0.0,0.0,0.0,0.0,0.0
20180905_sample_2,0.92563849,2.80513616,2.99774235,7.54197827,4.48109214,1.14999294,0.09841964,0.0,0.0,0.0,0.0,0.0,0.0,0.0,0.0,0.0,0.0,0.0,0.0,0.0
20180911_sample_3,6.92268695,10.31051965,2.10012674,0.61850444,0.04816223,0.0,0.0,0.0,0.0,0.0,0.0,0.0,0.0,0.0,0.0,0.0,0.0,0.0,0.0,0.0
20180911_sample_6,0.0,0.0,0.00216006048,0.306728588,0.332649314,1.02602873,3.64078194,2.8858408,3.62458149,6.57954423,1.52824279,0.0734420564,0.0,0.0,0.0,0.0,0.0,0.0,0.0,0.0
20180912_sample_2,0.00421877354,5.75621516,11.5039928,2.04248908,0.547235197,0.145849028,0.0,0.0,0.0,0.0,0.0,0.0,0.0,0.0,0.0,0.0,0.0,0.0,0.0,0.0
20180918_sample_1,0.0,0.31450204,3.2606066,6.42085928,4.36808387,2.33054075,1.89776444,0.77236683,0.55015456,0.08512163,0.0,0.0,0.0,0.0,0.0,0.0,0.0,0.0,0.0,0.0
20180918_sample_2,0.0,0.11725417,5.24230056,8.40371058,2.13580705,1.55992579,1.03450835,0.22560297,0.68274583,0.45565863,0.14248609,0.0,0.0,0.0,0.0,0.0,0.0,0.0,0.0,0.0
20180920_sample_2,0.0,0.0,0.0,0.0,0.06308981,0.75919839,3.18364967,3.72760047,4.07273884,4.33092991,2.61000954,0.95482982,0.1738946,0.07157247,0.05248648,0.0,0.0,0.0,0.0,0.0
20180920_sample_4,0.0,0.0,0.0,0.0,0.0,0.0,0.0,0.05295255,0.36769299,1.89201249,3.13788487,2.99152164,5.20362933,3.18429273,1.48148148,0.80618771,0.52952551,0.35281868,0.0,0.0
20180921_sample_3,0.0,0.0,0.0,0.0,0.0,0.10110894,0.08190186,1.13176778,3.39457853,5.05653403,2.84373415,4.04616946,2.61143727,0.73276799,0.0,0.0,0.0,0.0,0.0,0.0
20180925_sample_9,0.0,0.0,0.0,0.0,0.06903203,0.08425968,0.11065428,0.35328156,1.99939089,7.89401553,7.4077458,2.00852749,0.07309274,0.0,0.0,0.0,0.0,0.0,0.0,0.0
20180926_sample_1,0.0,0.0,0.06994005,0.76267961,0.94109811,0.83928062,1.2265677,5.57997907,7.73765344,2.15815016,0.59853459,0.08611666,0.0,0.0,0.0,0.0,0.0,0.0,0.0,0.0
20180926_sample_3,0.0,0.0,0.0,0.0,0.05506574,2.67842227,12.09528229,5.06728538,0.10394432,0.0,0.0,0.0,0.0,0.0,0.0,0.0,0.0,0.0,0.0,0.0
20180926_sample_7,0.0,0.0,0.0,0.92353482,5.48430866,8.7643892,3.51205848,0.90690244,0.18033002,0.14618987,0.08228651,0.0,0.0,0.0,0.0,0.0,0.0,0.0,0.0,0.0
20181002_sample_10,0.0,0.0,0.0,0.01118908,0.51725516,2.70967536,8.33266732,7.72238295,0.41559438,0.12403894,0.16719682,0.0,0.0,0.0,0.0,0.0,0.0,0.0,0.0,0.0
20181003_sample_8,0.0,0.48900828,0.66443726,2.05142262,5.15651554,9.98629461,1.65232169,0.0,0.0,0.0,0.0,0.0,0.0,0.0,0.0,0.0,0.0,0.0,0.0,0.0
20181004_sample_5,0.0374944,0.51269511,2.41675836,6.01540531,7.95370257,2.50641888,0.54692913,0.01059624,0.0,0.0,0.0,0.0,0.0,0.0,0.0,0.0,0.0,0.0,0.0,0.0
20181004_sample_8,0.0,0.0,0.08084375,0.888352,4.46034475,8.9764438,4.52632068,1.06769502,0.0,0.0,0.0,0.0,0.0,0.0,0.0,0.0,0.0,0.0,0.0,0.0
20181009_sample_3,0.13704045,1.72222954,2.88312031,5.81367769,6.64646198,2.67228884,0.12518118,0.0,0.0,0.0,0.0,0.0,0.0,0.0,0.0,0.0,0.0,0.0,0.0,0.0
20181009_sample_5,0.7933316,3.88103269,8.4464193,5.33925791,1.24416191,0.258822,0.03697457,0.0,0.0,0.0,0.0,0.0,0.0,0.0,0.0,0.0,0.0,0.0,0.0,0.0
20181009_sample_7,0.55355692,1.78484391,1.39723802,4.09307183,6.92004178,4.46791227,0.78333527,0.0,0.0,0.0,0.0,0.0,0.0,0.0,0.0,0.0,0.0,0.0,0.0,0.0
20181011_sample_3,0.0,0.03812444,3.81078673,9.5829103,5.30095518,0.58927128,0.34104801,0.15871371,0.14006589,0.03812444,0.0,0.0,0.0,0.0,0.0,0.0,0.0,0.0,0.0,0.0
20181109_sample_5,0.12117739,2.97293978,3.2988087,3.92843984,3.50677529,4.37384861,1.60969419,0.18831621,0.0,0.0,0.0,0.0,0.0,0.0,0.0,0.0,0.0,0.0,0.0,0.0
20181109_sample_7,0.27559276,3.06972694,3.67625576,2.42386785,1.17288459,1.02511518,2.32498033,3.58382964,1.94572424,0.33430723,0.13344196,0.03427351,0.0,0.0,0.0,0.0,0.0,0.0,0.0,0.0
20181112_sample_6,0.17043478,0.97252174,0.71443478,0.41878261,0.64486957,1.65078261,2.05495652,1.67165217,4.29704348,4.04173913,1.92765217,0.4466087,0.53565217,0.39930435,0.05356522,0.0,0.0,0.0,0.0,0.0
20181112_sample_8,0.10446046,2.16024235,5.61858003,3.25847,1.43876876,0.71868798,1.59197744,3.22225704,1.77861346,0.10794248,0.0,0.0,0.0,0.0,0.0,0.0,0.0,0.0,0.0,0.0
20181116_sample_5,0.0,0.0,0.0,0.811255907,4.41142775,10.2130173,4.35700988,0.0716024631,0.0547758843,0.0708864385,0.0100243448,0.0,0.0,0.0,0.0,0.0,0.0,0.0,0.0,0.0
20181121_sample_6,0.0,0.22999033,0.85228718,1.3891009,2.15895792,2.02157431,1.71678624,1.72899812,1.20032565,3.20052918,2.58891772,1.60128225,0.8110721,0.30427924,0.09260673,0.03409149,0.03917977,0.03002086,0.0,0.0
20181127_sample_3,8.86177287,8.6009426,1.76254116,0.52424301,0.25050036,0.0,0.0,0.0,0.0,0.0,0.0,0.0,0.0,0.0,0.0,0.0,0.0,0.0,0.0,0.0
20181127_sample_5,3.22616694,4.59468753,3.08260982,4.82678587,2.59262443,1.51207771,0.16504771,0.0,0.0,0.0,0.0,0.0,0.0,0.0,0.0,0.0,0.0,0.0,0.0,0.0
20181127_sample_7,0.3785962,3.58979165,8.90575704,6.15437479,0.97148034,0.0,0.0,0.0,0.0,0.0,0.0,0.0,0.0,0.0,0.0,0.0,0.0,0.0,0.0,0.0
20190108_sample_1,0.0,1.01373645,8.40044441,9.15392903,1.21776311,0.18921285,0.02491415,0.0,0.0,0.0,0.0,0.0,0.0,0.0,0.0,0.0,0.0,0.0,0.0,0.0
20190108_sample_5,0.0,1.12387792,6.89048474,9.31059246,1.005386,1.30341113,0.36624776,0.0,0.0,0.0,0.0,0.0,0.0,0.0,0.0,0.0,0.0,0.0,0.0,0.0
20190110_sample_4,0.0,0.0,0.0,0.0,0.0,0.03700224,0.24687432,0.50849173,0.90279685,1.67030426,2.33374286,4.2038014,6.4834863,2.65577799,0.77993785,0.1777842,0.0,0.0,0.0,0.0
20190117_sample_1,0.0,0.0,1.5128688,11.51914626,6.02636535,0.94161959,0.0,0.0,0.0,0.0,0.0,0.0,0.0,0.0,0.0,0.0,0.0,0.0,0.0,0.0
20190122_sample_1,0.0,0.0,0.0,0.0,0.0,0.0,0.0,0.0,0.51591248,2.65643129,7.22588265,5.56957567,2.61105586,0.6184734,0.32363667,0.28219791,0.16720537,0.02962871,0.0,0.0
20190122_sample_14,0.0,0.0,0.0,0.05988436,0.13904185,0.22829479,0.25491006,3.41662078,6.87912996,5.25674559,2.9960536,0.63142438,0.05804883,0.05437775,0.02546806,0.0,0.0,0.0,0.0,0.0
20190122_sample_3,0.0,0.0,0.0,0.0,0.0,0.0,0.59168277,5.41991396,9.81482636,3.84313236,0.33044454,0.0,0.0,0.0,0.0,0.0,0.0,0.0,0.0,0.0
20190122_sample_5,0.0,0.47515457,3.22074651,7.01282345,7.17941379,1.69967941,0.19864896,0.16372796,0.04980536,0.0,0.0,0.0,0.0,0.0,0.0,0.0,0.0,0.0,0.0,0.0
20190122_sample_9,0.0,0.0,0.0,0.0,0.53462627,4.75340745,7.16850002,4.36717108,2.48060013,0.64357075,0.0521243,0.0,0.0,0.0,0.0,0.0,0.0,0.0,0.0,0.0
20190128_sample_12,0.0,0.0,0.0,0.0,0.0,0.0,0.177533252,1.77987011,6.60389666,8.37752758,2.58415814,0.474745469,0.00226879555,0.0,0.0,0.0,0.0,0.0,0.0,0.0
20190128_sample_2,0.0,8.08402451,10.91318301,0.81023632,0.14754303,0.04501313,0.0,0.0,0.0,0.0,0.0,0.0,0.0,0.0,0.0,0.0,0.0,0.0,0.0,0.0
20190128_sample_4,0.0,0.0,0.0,0.18491461,0.85367314,0.50252701,0.36455963,1.45057367,2.65347673,4.7402333,5.5244437,2.82018731,0.85271504,0.05269587,0.0,0.0,0.0,0.0,0.0,0.0
20190128_sample_6,5.12015694,12.7088442,2.17099886,0.0,0.0,0.0,0.0,0.0,0.0,0.0,0.0,0.0,0.0,0.0,0.0,0.0,0.0,0.0,0.0,0.0
20190128_sample_7,0.0,0.0,0.0,0.0,0.0,0.05356614,4.23537189,10.72394064,4.57135693,0.4157644,0.0,0.0,0.0,0.0,0.0,0.0,0.0,0.0,0.0,0.0
20190130_sample_10,0.39147739,4.02456598,3.96246483,5.39799629,3.7799355,2.05757222,0.36951897,0.01646881,0.0,0.0,0.0,0.0,0.0,0.0,0.0,0.0,0.0,0.0,0.0,0.0
20190130_sample_17,0.0,0.10899644,0.3185181,0.45010448,0.41621957,0.58790309,1.30513356,2.95193991,5.26853787,5.17874287,1.58073078,1.07132772,0.37781668,0.09826622,0.16321229,0.1225504,0.0,0.0,0.0,0.0
20190130_sample_18,0.0,0.0,0.08662762,1.00414837,1.41532455,0.27818448,0.61127379,1.85944363,5.37579307,7.19131284,1.89726696,0.28062469,0.0,0.0,0.0,0.0,0.0,0.0,0.0,0.0
20190130_sample_3,0.0,0.0,0.0,0.0,0.0,0.0,0.0,0.0,0.0,0.0,0.21156493,0.74223261,1.50608365,4.21134321,8.50213875,3.9559871,0.68181188,0.18883787,0.0,0.0
20190130_sample_6,0.0,0.0,0.0,0.0,0.0,0.12868192,0.08989482,5.30105638,10.34474891,3.5633941,0.46818317,0.1040407,0.0,0.0,0.0,0.0,0.0,0.0,0.0,0.0
20190130_sample_9,0.55286845,0.31583331,0.45292931,1.41836702,1.1979884,0.89048336,1.96226657,5.07959896,5.09177104,2.70155995,0.24280086,0.09353278,0.0,0.0,0.0,0.0,0.0,0.0,0.0,0.0
20190131_sample_1,2.71978393,1.67184335,1.46725186,1.44564483,1.37474679,1.55840648,2.50641458,2.86293045,1.88116138,0.93112762,0.31802836,0.28629305,0.3227549,0.24713032,0.2397029,0.08642809,0.08035111,0.0,0.0,0.0
20190131_sample_3,0.0,0.02107611,2.03703023,6.3189109,5.63075151,2.90409146,0.91411486,1.02439682,0.83912314,0.29433028,0.01617469,0.0,0.0,0.0,0.0,0.0,0.0,0.0,0.0,0.0
20190131_sample_5,0.0,0.08898457,7.06063868,10.0818084,2.31862217,0.31790456,0.07534984,0.05669178,0.0,0.0,0.0,0.0,0.0,0.0,0.0,0.0,0.0,0.0,0.0,0.0
20190131_sample_6,0.01420898,4.9107607,9.67596604,3.73696067,0.68341709,0.34101542,0.19234102,0.18506325,0.13723791,0.12302894,0.0,0.0,0.0,0.0,0.0,0.0,0.0,0.0,0.0,0.0
20190201_sample_2,0.0,1.43715134,7.50674825,8.98708836,1.81797733,0.122818067,0.0760302321,0.051061724,0.00112470758,0.0,0.0,0.0,0.0,0.0,0.0,0.0,0.0,0.0,0.0,0.0
20190201_sample_3,0.0,3.5265354,9.60294693,5.78106663,0.693701917,0.193636719,0.100404225,0.0964923719,0.00521580389,0.0,0.0,0.0,0.0,0.0,0.0,0.0,0.0,0.0,0.0,0.0
20190201_sample_4,0.0,0.0,0.0,0.0,0.0,0.0,0.12406487,5.72464105,11.73226151,2.41903257,0.0,0.0,0.0,0.0,0.0,0.0,0.0,0.0,0.0,0.0
20190204_sample_1,0.0,0.48126146,2.01538504,3.28779874,2.93958225,1.29978921,0.59788114,0.93295738,1.40381615,2.30939801,3.13066331,1.22368529,0.17082318,0.13742506,0.0695338,0.0,0.0,0.0,0.0,0.0
20190204_sample_15,0.12215649,0.69061703,6.38644416,8.57051251,2.33572196,1.18276984,0.43925039,0.14043188,0.07374277,0.05835297,0.0,0.0,0.0,0.0,0.0,0.0,0.0,0.0,0.0,0.0
20190204_sample_21,0.0,0.0,0.0,0.0,0.0,0.09285126,2.42418152,11.61484816,5.04612416,0.60011657,0.10571377,0.11616456,0.0,0.0,0.0,0.0,0.0,0.0,0.0,0.0
20190204_sample_5,1.6180779,6.67355074,3.96330628,5.00024014,1.21127708,0.35685126,0.23774074,0.26175496,0.20267999,0.13880217,0.06003554,0.07156236,0.08116805,0.12295279,0.0,0.0,0.0,0.0,0.0,0.0
20190204_sample_7,0.0,1.04421215,7.97914885,9.51043936,1.16832612,0.2316794,0.06619411,0.0,0.0,0.0,0.0,0.0,0.0,0.0,0.0,0.0,0.0,0.0,0.0,0.0
20190204_sample_9,0.0,0.237381973,5.29596906,10.1095901,3.31424671,0.804671799,0.150923363,0.0811497478,0.00606727087,0.0,0.0,0.0,0.0,0.0,0.0,0.0,0.0,0.0,0.0,0.0
20190205_sample_2,1.34306875,2.33649996,0.90602183,2.65211588,9.56687865,2.94574861,0.12561828,0.12404805,0.0,0.0,0.0,0.0,0.0,0.0,0.0,0.0,0.0,0.0,0.0,0.0
20190205_sample_4,1.48911943,3.60956478,5.35172065,8.25151822,1.18800607,0.11007085,0.0,0.0,0.0,0.0,0.0,0.0,0.0,0.0,0.0,0.0,0.0,0.0,0.0,0.0
20190205_sample_6,0.0,0.0,0.67017256,8.50083243,8.57376919,1.45397849,0.3974525,0.16067229,0.17969927,0.06342327,0.0,0.0,0.0,0.0,0.0,0.0,0.0,0.0,0.0,0.0
20190205_sample_7,0.0,0.0,0.0,0.0,0.03427993,0.13244517,0.34669471,0.37552102,0.70741303,1.68906548,4.86463324,5.69124693,2.89899108,2.98702816,0.19788867,0.07479257,0.0,0.0,0.0,0.0
20190211_sample_11,0.0,0.0,0.0,0.0,0.0,0.0,0.0,0.0960708,1.14977343,7.72636386,7.77629228,2.80096071,0.41480815,0.03573077,0.0,0.0,0.0,0.0,0.0,0.0
20190211_sample_3,0.0,0.0,0.0,0.0,0.0,0.0,0.0,0.0,0.0,0.0,0.0,0.0,0.99458359,4.47998837,6.9508161,5.69413646,1.63364717,0.17121669,0.07561162,0.0
20190211_sample_6,0.0,0.28191735,0.30496236,0.30573053,0.25426333,0.29958519,0.55768935,1.1038562,3.85850361,9.62897527,3.24781072,0.1567061,0.0,0.0,0.0,0.0,0.0,0.0,0.0,0.0
20190211_sample_8,0.0,0.0,0.0,0.0,0.0,0.0,0.33352283,0.4051889,0.35006116,0.53404999,5.77945458,9.20219822,2.74053784,0.53301635,0.12197013,0.0,0.0,0.0,0.0,0.0
20190211_sample_9,0.0,0.0,0.0,0.0,0.10264353,1.43123409,6.03129184,9.63982884,2.74486126,0.05014045,0.0,0.0,0.0,0.0,0.0,0.0,0.0,0.0,0.0,0.0
20190212_sample_1,1.56798816,6.94535745,5.66622313,2.77186891,1.74334482,0.61154534,0.35547174,0.20496462,0.05939216,0.07384366,0.0,0.0,0.0,0.0,0.0,0.0,0.0,0.0,0.0,0.0
20190212_sample_4,0.15273051,0.7525886,0.63136628,1.26826452,3.75476531,5.49060166,6.33651221,1.34787681,0.2652941,0.0,0.0,0.0,0.0,0.0,0.0,0.0,0.0,0.0,0.0,0.0
20190212_sample_5,0.68578325,6.1295485,5.00511583,5.03187554,1.63968833,1.21415641,0.29383215,0.0,0.0,0.0,0.0,0.0,0.0,0.0,0.0,0.0,0.0,0.0,0.0,0.0
20190212_sample_6,0.14302399,0.50597431,0.41721319,0.2792202,0.87251819,3.58063067,8.00215614,4.56526817,1.18911149,0.24400323,0.20088042,0.0,0.0,0.0,0.0,0.0,0.0,0.0,0.0,0.0
20190212_sample_7,0.0,0.0,0.0,0.0,0.0,0.0,0.18788805,1.33992133,3.15183825,7.72031336,6.31017781,0.83736957,0.09231869,0.14302896,0.17748594,0.03965803,0.0,0.0,0.0,0.0
20190213_sample_7,0.0,0.0,0.0,0.0,0.0,0.0,0.0,0.0,0.0,0.73954845,3.86473708,3.92279723,3.13927252,3.53850797,2.77481569,1.37849762,0.55617033,0.0856531,0.0,0.0
20190214_sample_1,0.0,0.0,0.0,0.0,0.0,0.0,0.0,0.0,0.0,0.0,0.7658964,6.51822746,6.74338105,4.37895656,1.26984127,0.32369726,0.0,0.0,0.0,0.0
20190214_sample_2,0.0,0.00107901055,0.791993742,2.66785358,3.95133662,5.02441261,2.2605271,2.02907933,1.90769065,0.968951472,0.331256238,0.0658196434,0.0,0.0,0.0,0.0,0.0,0.0,0.0,0.0
20190214_sample_6,0.0,0.0,0.0,0.0,0.0,0.0,0.0,0.0,0.0257433,0.38201783,2.79521365,8.01983187,7.46746333,1.24743759,0.06229242,0.0,0.0,0.0,0.0,0.0
20190214_sample_9,0.0,0.0,0.0,0.0,0.0,0.0,0.0,0.0,0.03883199,0.46227516,4.43470009,6.03641044,6.44850944,2.02646247,0.46947435,0.07591871,0.00741735,0.0,0.0,0.0
20190218_sample_3,0.33802128,1.80701969,2.86804452,6.42827443,5.99192858,1.83930537,0.58163141,0.14577473,0.0,0.0,0.0,0.0,0.0,0.0,0.0,0.0,0.0,0.0,0.0,0.0
20190218_sample_4,4.29691811,7.70276661,3.31599275,3.23914243,1.44518011,0.0,0.0,0.0,0.0,0.0,0.0,0.0,0.0,0.0,0.0,0.0,0.0,0.0,0.0,0.0
20190219_sample_1,0.0,1.0459917,9.23506867,7.92238901,1.79655062,0.0,0.0,0.0,0.0,0.0,0.0,0.0,0.0,0.0,0.0,0.0,0.0,0.0,0.0,0.0
20190219_sample_3,0.428822162,5.14586595,9.54603672,2.70290783,1.20203026,0.966747308,0.00758977278,0.0,0.0,0.0,0.0,0.0,0.0,0.0,0.0,0.0,0.0,0.0,0.0,0.0
20190219_sample_7,0.0,0.0,0.0,2.67429074,13.22190455,3.85748845,0.24631625,0.0,0.0,0.0,0.0,0.0,0.0,0.0,0.0,0.0,0.0,0.0,0.0,0.0
20190221_sample_1,0.0,0.0,0.1686038,0.73267618,0.75091952,1.60247168,1.55804031,3.76666176,5.69515963,4.92452553,0.78534648,0.01559512,0.0,0.0,0.0,0.0,0.0,0.0,0.0,0.0
20190221_sample_10,0.24779473,1.63102209,2.18994245,2.03513357,1.45359503,1.22389485,5.76562539,4.3818954,1.00927345,0.06182303,0.0,0.0,0.0,0.0,0.0,0.0,0.0,0.0,0.0,0.0
20190221_sample_2,0.93060371,2.46381597,4.58367729,4.53800011,3.57877937,2.31357658,1.07368884,0.23609047,0.25425128,0.02751637,0.0,0.0,0.0,0.0,0.0,0.0,0.0,0.0,0.0,0.0
20190221_sample_4,0.0,3.60591811,11.86489276,3.67129258,0.69159307,0.16630348,0.0,0.0,0.0,0.0,0.0,0.0,0.0,0.0,0.0,0.0,0.0,0.0,0.0,0.0
20190226_sample_1,0.0,0.0,0.0,0.0,0.0,0.22008672,7.49055503,9.60825579,2.21354497,0.37931996,0.07150283,0.0167347,0.0,0.0,0.0,0.0,0.0,0.0,0.0,0.0
20190226_sample_9,0.0,0.0,0.0,0.0,0.0,0.02233131,3.9199153,12.9225142,3.1352392,0.0,0.0,0.0,0.0,0.0,0.0,0.0,0.0,0.0,0.0,0.0
20190227_sample_2,0.00819187,0.78414418,0.81873208,0.60665362,1.36212625,5.63509762,7.13557548,3.20165658,0.24484595,0.15063942,0.05233696,0.0,0.0,0.0,0.0,0.0,0.0,0.0,0.0,0.0
20190227_sample_3,0.06591971,1.20022858,1.91065124,4.40825323,6.88952836,4.61519623,0.84246617,0.06775648,0.0,0.0,0.0,0.0,0.0,0.0,0.0,0.0,0.0,0.0,0.0,0.0
20190227_sample_4,0.08856125,0.61992876,0.48782901,0.8099149,1.1196319,1.66287354,5.265189,6.43429646,2.62220463,0.88957055,0.0,0.0,0.0,0.0,0.0,0.0,0.0,0.0,0.0,0.0
20190227_sample_5,0.63905415,6.82639852,2.54367123,3.31635272,4.12210838,1.8014028,0.56454219,0.1473132,0.0391568,0.0,0.0,0.0,0.0,0.0,0.0,0.0,0.0,0.0,0.0,0.0
20190227_sample_6,0.0,0.0,0.0,0.01378022,0.12729184,0.55331076,1.6811865,3.99159173,3.98271634,4.92444237,3.23718323,1.21312624,0.1723695,0.09716221,0.00583908,0.0,0.0,0.0,0.0,0.0
20190227_sample_7,0.0,0.0,0.0,0.06856598,1.38965277,5.27628057,4.28922377,2.76060573,2.7430059,1.92424742,1.10768892,0.39746269,0.04326623,0.0,0.0,0.0,0.0,0.0,0.0,0.0
20190318_sample_3,0.22149885,1.2308483,1.30353909,3.48328357,6.21053404,5.4371237,1.42052964,0.42268344,0.2290861,0.04087327,0.0,0.0,0.0,0.0,0.0,0.0,0.0,0.0,0.0,0.0
20190318_sample_4,0.74792667,2.26921968,2.9245459,4.01845225,5.46987094,3.01884232,1.02199685,0.39719824,0.12312806,0.00881909,0.0,0.0,0.0,0.0,0.0,0.0,0.0,0.0,0.0,0.0
20190318_sample_6,0.52882378,1.07050245,1.81298344,1.66005452,2.57807132,3.19554955,3.74254749,2.06254571,1.84534232,1.03193776,0.22296593,0.14229039,0.10638534,0.0,0.0,0.0,0.0,0.0,0.0,0.0
20190325_sample_1,0.0,0.20949395,0.61914134,2.47389665,4.2786136,4.02708743,6.30149781,2.00020015,0.09006905,0.0,0.0,0.0,0.0,0.0,0.0,0.0,0.0,0.0,0.0,0.0
20190327_sample_7,0.0,0.0,0.92731591,9.78622328,6.37719715,2.07885986,0.57387173,0.25653207,0.0,0.0,0.0,0.0,0.0,0.0,0.0,0.0,0.0,0.0,0.0,0.0
20190403_sample_6,0.0,0.12198097,0.52061478,0.31715052,0.33617956,0.80117102,3.76286899,8.72847036,5.04122957,0.29519395,0.07514028,0.0,0.0,0.0,0.0,0.0,0.0,0.0,0.0,0.0
20190403_sample_7,6.22048484,8.49616959,3.12152377,1.8585371,0.30328471,0.0,0.0,0.0,0.0,0.0,0.0,0.0,0.0,0.0,0.0,0.0,0.0,0.0,0.0,0.0
20190408_sample_1,0.0,0.0,0.0,0.0,0.0,0.0,0.16287248,2.69294836,7.53963847,6.65309396,2.86630884,0.08513789,0.0,0.0,0.0,0.0,0.0,0.0,0.0,0.0
20190408_sample_2,0.46626347,12.40058114,6.09926682,0.52032301,0.40139203,0.11217353,0.0,0.0,0.0,0.0,0.0,0.0,0.0,0.0,0.0,0.0,0.0,0.0,0.0,0.0
20190408_sample_5,0.23024415,0.35392549,0.33466715,0.49365545,1.16213382,1.32475981,1.5220508,3.58055336,4.83191749,4.01600582,1.08167676,0.66655254,0.26811889,0.10335309,0.03038538,0.0,0.0,0.0,0.0,0.0
20190408_sample_6,1.49927987,7.16548987,8.25938806,2.56367021,0.31545298,0.08571328,0.11100573,0.0,0.0,0.0,0.0,0.0,0.0,0.0,0.0,0.0,0.0,0.0,0.0,0.0
20190411_sample_6,0.0,0.0,0.0,0.0,0.0,0.0,0.0,0.0,0.0,0.05825678,0.43998126,1.2739087,2.55311348,6.17725541,7.91844051,1.30120384,0.27784002,0.0,0.0,0.0
20190412_sample_1,0.0,0.0,0.0,0.0,0.0,0.0,0.0,0.16775015,1.14106469,2.59217166,5.27708324,4.75383007,3.92917216,1.34245579,0.31049689,0.47961086,0.0063645,0.0,0.0,0.0
20190412_sample_6,0.0,0.0,0.0,0.0,0.0,0.0,0.0,0.0,0.0,0.0,0.0,0.0,0.0,0.0,0.0,0.00768448412,0.895468415,6.41338004,10.2687309,2.41473613
20190415_sample_1,0.0,0.0,0.0,0.0,0.0,0.0,0.0,0.0,0.08222315,0.83472107,5.01040799,5.79829309,1.21669442,4.27872606,1.76519567,0.89820983,0.11552873,0.0,0.0,0.0
20190416_sample_5,0.0,0.0,0.0,0.0,0.0,0.0,0.0,0.0,0.0,0.0,0.0,0.03599407,0.31194862,0.63589526,1.47363964,2.92187169,5.20855389,5.85644717,3.10395935,0.45169031
20190416_sample_7,0.0,0.0,0.0,0.0,0.0,0.0,0.0,0.0,0.0,0.0,0.0,0.0,0.0,0.23799127,0.56768559,1.94104803,2.95414847,7.22052402,7.07860262,0.0
20190416_sample_8,0.0,0.0,0.0,0.0,0.0,0.0,0.0,0.0,0.0,0.0,0.0,0.0,0.03641557,0.99607283,2.51338808,6.52338451,4.9046769,3.04676901,1.26383434,0.71545876
20190418_sample_8,0.0,0.0,0.0,0.0,0.0,0.0,0.0,0.0,0.0,0.0,0.0,0.0,0.0,0.23677217,0.79217771,3.61383113,6.72683086,4.72123133,2.73410741,1.17504939
20190422_sample_1,0.0,0.0,0.0,0.0,0.0,0.0,0.0,0.0,0.0,0.10512155,0.46397397,2.98063386,6.11112849,6.52973751,3.28723837,0.43300066,0.0891656,0.0,0.0,0.0
20190422_sample_4,0.0,0.0,0.0,0.0,0.0,0.0,0.0,0.0,0.077969,0.92992298,4.90729295,6.34116193,3.69021584,2.5824855,1.2741276,0.19682419,0.0,0.0,0.0,0.0
20190423_sample_10,0.0,0.0,0.0,0.0,0.0,0.0,0.0,0.0,0.0,0.0,0.04665074,0.92059969,3.91339516,4.71322962,4.66657888,2.24525498,2.71289103,0.67267358,0.10872632,0.0
20190423_sample_8,0.0,0.0,0.0,0.0,0.0,0.0,0.0,0.0,0.0,0.0,0.0,0.0,0.0,0.06136176,0.73083428,2.44817685,2.0210046,5.39590135,8.02501672,1.31770444
20190424_sample_2,0.0,0.0,0.0,0.0,0.0,0.0,0.0,0.0,0.04592756,0.12324865,0.25114819,0.82030115,1.30050578,1.6661822,4.09452939,5.74210802,4.43869542,1.51735364,0.0,0.0
20190424_sample_7,7.44072846,6.18773866,2.55549494,1.1749402,1.28488104,0.8820444,0.45822668,0.01594562,0.0,0.0,0.0,0.0,0.0,0.0,0.0,0.0,0.0,0.0,0.0,0.0
20190425_sample_6,0.0,0.0,0.0,0.0,0.0,0.0,0.0,0.0,0.0,0.0,0.0,0.0,0.0,0.33359193,1.46547711,3.94957331,2.77579519,7.20558573,3.37393328,0.89604344
20190429_sample_1,0.0,0.0,0.0,0.0,0.0,0.0,0.0,0.12854803,0.88782751,2.56413755,6.99781659,4.04830786,2.930131,1.73908297,0.67658297,0.0275655,0.0,0.0,0.0,0.0
20190429_sample_4,0.0,0.0,0.0,0.0,0.0,0.0,0.0,0.0,0.0,0.0,0.0,0.02992425,1.26492316,3.14079985,5.78784951,4.47305259,4.16944609,1.1128082,0.02119635,0.0
20190429_sample_5,0.0,0.0,0.0,0.0,0.0,0.0,0.0,0.0,0.0,0.0,0.0,0.0163368,0.13726668,0.89739738,2.17091674,3.91970556,5.46869719,5.43264356,1.78841026,0.16862583
20190430_sample_1,0.0,0.0,2.15783555,8.04260105,6.65872858,1.82311305,0.95521598,0.3254614,0.03704439,0.0,0.0,0.0,0.0,0.0,0.0,0.0,0.0,0.0,0.0,0.0
20190430_sample_3,0.0,0.0,1.05798394,12.49241748,5.39339875,1.05619982,0.0,0.0,0.0,0.0,0.0,0.0,0.0,0.0,0.0,0.0,0.0,0.0,0.0,0.0
20190430_sample_6,0.0,0.0,0.0,0.0,0.0,4.82368181,8.12934798,3.98503095,2.4756513,0.58628796,0.0,0.0,0.0,0.0,0.0,0.0,0.0,0.0,0.0,0.0
20190501_sample_1,1.86129407,6.77721813,5.60092987,4.21232081,1.37776056,0.17047656,0.0,0.0,0.0,0.0,0.0,0.0,0.0,0.0,0.0,0.0,0.0,0.0,0.0,0.0
20190501_sample_3,0.0,0.0,2.82725265,4.9111555,5.70181895,4.82388813,1.73588477,0.0,0.0,0.0,0.0,0.0,0.0,0.0,0.0,0.0,0.0,0.0,0.0,0.0
20190501_sample_7,0.0,0.0,0.0,0.0,0.0,0.0,0.0,0.0,0.0,0.0,0.0,0.0,0.14543705,1.44226366,4.23241989,5.29704392,4.35131506,2.84525777,1.49550263,0.19076001
20190503_sample_1,0.5734767,6.45878136,10.50179211,2.46594982,0.0,0.0,0.0,0.0,0.0,0.0,0.0,0.0,0.0,0.0,0.0,0.0,0.0,0.0,0.0,0.0
20190503_sample_3,0.0,0.4335425,3.79539836,12.35786271,2.94162388,0.47157254,0.0,0.0,0.0,0.0,0.0,0.0,0.0,0.0,0.0,0.0,0.0,0.0,0.0,0.0
20190506_sample_1,0.11925866,1.51974214,1.83561644,4.54149879,6.3190975,4.2272361,1.43755036,0.0,0.0,0.0,0.0,0.0,0.0,0.0,0.0,0.0,0.0,0.0,0.0,0.0
20190506_sample_5,0.14818245,1.24334337,7.78420931,6.89974531,2.78536698,0.99097013,0.14818245,0.0,0.0,0.0,0.0,0.0,0.0,0.0,0.0,0.0,0.0,0.0,0.0,0.0
20190506_sample_7,0.0,0.0,0.83008916,2.66105739,8.08489263,5.31960316,1.94650257,1.14027377,0.01758131,0.0,0.0,0.0,0.0,0.0,0.0,0.0,0.0,0.0,0.0,0.0
20190507_sample_2,0.0,0.0,0.22845624,1.07508819,1.92731956,3.77960692,4.04501932,3.26670026,2.89601881,1.84444818,0.6327342,0.20605857,0.09854975,0.0,0.0,0.0,0.0,0.0,0.0,0.0
20190507_sample_4,0.0,2.49182527,7.49811352,5.75165591,2.59159889,0.99605936,0.67074704,0.0,0.0,0.0,0.0,0.0,0.0,0.0,0.0,0.0,0.0,0.0,0.0,0.0
20190507_sample_5,0.0,0.0,0.0,0.22644436,4.97091896,5.53702986,3.36409461,2.83830942,1.34625824,1.36021714,0.35672741,0.0,0.0,0.0,0.0,0.0,0.0,0.0,0.0,0.0
20190508_sample_1,9.99935658,9.64225968,0.35838373,0.0,0.0,0.0,0.0,0.0,0.0,0.0,0.0,0.0,0.0,0.0,0.0,0.0,0.0,0.0,0.0,0.0
20190508_sample_2,0.29036871,1.26655475,3.06099608,2.07278907,1.00478766,0.65783747,2.06491326,5.98126386,2.86720968,0.64581649,0.08746295,0.0,0.0,0.0,0.0,0.0,0.0,0.0,0.0,0.0
20190508_sample_3,15.13773736,4.86226264,0.0,0.0,0.0,0.0,0.0,0.0,0.0,0.0,0.0,0.0,0.0,0.0,0.0,0.0,0.0,0.0,0.0,0.0
20190508_sample_4,0.0,0.0,0.0,0.0,0.0,0.0,0.0,0.0,0.0,0.0,0.0,0.0,0.0,0.0,0.0,0.0,0.54162179,7.49653793,8.19510694,3.76673334
20190508_sample_7,0.0,0.0,0.0,0.0,0.0,0.0,0.0,0.0,0.0,0.0,0.0,0.0,0.0,0.0,0.52007791,1.27222245,3.85147735,8.80071278,4.63387344,0.92163607
20190509_sample_2,0.0,0.0,13.76017602,6.23982398,0.0,0.0,0.0,0.0,0.0,0.0,0.0,0.0,0.0,0.0,0.0,0.0,0.0,0.0,0.0,0.0
20190509_sample_3,3.38955,12.92655056,3.00141855,0.60682481,0.07565608,0.0,0.0,0.0,0.0,0.0,0.0,0.0,0.0,0.0,0.0,0.0,0.0,0.0,0.0,0.0
20190509_sample_4,0.0,0.0,0.0,0.0,0.0,0.0,0.0,0.0,0.32376126,0.4786036,1.05996622,2.73789414,3.9428491,6.16835586,3.27702703,1.43581081,0.44763514,0.12809685,0.0,0.0
20190509_sample_5,8.80036037,11.19963963,0.0,0.0,0.0,0.0,0.0,0.0,0.0,0.0,0.0,0.0,0.0,0.0,0.0,0.0,0.0,0.0,0.0,0.0
20190513_sample_1,0.2164739,3.52297593,7.63832448,4.21850578,2.31165989,1.51036782,0.46681255,0.07762843,0.03725122,0.0,0.0,0.0,0.0,0.0,0.0,0.0,0.0,0.0,0.0,0.0
20190513_sample_2,0.0,0.0,0.0,0.54062803,3.05600518,7.2855293,5.85950146,2.81320816,0.44512787,0.0,0.0,0.0,0.0,0.0,0.0,0.0,0.0,0.0,0.0,0.0
20190513_sample_3,0.0586052,0.76772807,0.77944911,5.10255909,5.894706,2.97616722,1.68196913,1.1789412,0.61437781,0.50107443,0.28814222,0.15628052,0.0,0.0,0.0,0.0,0.0,0.0,0.0,0.0
20190513_sample_4,0.08612905,0.9029659,0.76126971,2.04764882,5.58171841,6.97506425,2.18656665,0.87518233,0.40008335,0.18337154,0.0,0.0,0.0,0.0,0.0,0.0,0.0,0.0,0.0,0.0
20190513_sample_5,0.0,2.24489796,8.99213317,7.16622962,1.59673925,0.0,0.0,0.0,0.0,0.0,0.0,0.0,0.0,0.0,0.0,0.0,0.0,0.0,0.0,0.0
20190514_sample_8,0.0,0.0,0.0,0.0,0.0,0.0,0.0,0.0,0.0,0.0,0.0,0.0,0.0,0.0,0.0,0.17383383,1.21987323,5.27232702,10.26378715,3.07017877
20190515_sample_11,9.7354893,9.32610524,0.93840546,0.0,0.0,0.0,0.0,0.0,0.0,0.0,0.0,0.0,0.0,0.0,0.0,0.0,0.0,0.0,0.0,0.0
20190515_sample_13,0.0,0.0,0.0,0.0,0.0,3.43253968,12.83068783,2.29497354,1.34259259,0.09920635,0.0,0.0,0.0,0.0,0.0,0.0,0.0,0.0,0.0,0.0
20190515_sample_15,4.45880156,12.55580391,1.81756943,0.76181145,0.38702961,0.01898405,0.0,0.0,0.0,0.0,0.0,0.0,0.0,0.0,0.0,0.0,0.0,0.0,0.0,0.0
20190515_sample_6,0.0,4.03253922,8.53224869,7.19581639,0.2393957,0.0,0.0,0.0,0.0,0.0,0.0,0.0,0.0,0.0,0.0,0.0,0.0,0.0,0.0,0.0
20190516_sample_2,0.0,0.0,0.0,0.0,0.0,0.0,0.0,0.0,0.0,0.0,0.0,0.0,0.0,0.0,0.0,0.04344016,0.70266357,3.55523378,9.95998933,5.73867317
20190516_sample_3,13.61782,5.87661119,0.502231677,0.00333708756,0.0,0.0,0.0,0.0,0.0,0.0,0.0,0.0,0.0,0.0,0.0,0.0,0.0,0.0,0.0,0.0
20190516_sample_6,0.0,0.0,0.0,0.0,0.0,0.0,0.0,0.0,0.0,0.0,0.0,0.0,0.0,0.0,0.00484331864,0.44945997,2.95733036,4.88206519,5.93306534,5.77323582
20190528_sample_4,0.0,0.0,0.06807715,1.36154308,4.13401855,7.9062938,3.72155109,1.67523193,0.9397317,0.19355269,0.0,0.0,0.0,0.0,0.0,0.0,0.0,0.0,0.0,0.0
20190528_sample_6,0.0,0.0,0.0,0.13056836,3.74295955,14.33947773,1.78699437,0.0,0.0,0.0,0.0,0.0,0.0,0.0,0.0,0.0,0.0,0.0,0.0,0.0
20190528_sample_7,8.5749493,9.3189228,2.01268195,0.09344595,0.0,0.0,0.0,0.0,0.0,0.0,0.0,0.0,0.0,0.0,0.0,0.0,0.0,0.0,0.0,0.0
20190528_sample_9,0.0,2.01330758,7.0616012,8.91607641,2.00901481,0.0,0.0,0.0,0.0,0.0,0.0,0.0,0.0,0.0,0.0,0.0,0.0,0.0,0.0,0.0
20190603_sample_1,4.92909277,12.28831827,1.47260144,0.28589797,0.29119238,0.23144121,0.28135991,0.22009606,0.0,0.0,0.0,0.0,0.0,0.0,0.0,0.0,0.0,0.0,0.0,0.0
20190603_sample_4,0.0,0.0,0.0,0.0,0.0,0.0,0.0,0.76562752,2.7190007,6.39745868,6.58375061,1.73692995,1.12959673,0.53841598,0.12921984,0.0,0.0,0.0,0.0,0.0
20190603_sample_6,5.83344082,12.90167247,1.26488671,0.0,0.0,0.0,0.0,0.0,0.0,0.0,0.0,0.0,0.0,0.0,0.0,0.0,0.0,0.0,0.0,0.0
20190604_sample_2,0.0,0.0,0.0,0.0,0.0,0.0,0.0,0.0,0.0,0.0,0.0,0.0,0.07491365,0.65816997,3.88043002,5.206499,5.23033517,2.3447001,1.81689935,0.78805273
20190604_sample_4,0.14074495,16.45152118,2.97128234,0.34972988,0.08672164,0.0,0.0,0.0,0.0,0.0,0.0,0.0,0.0,0.0,0.0,0.0,0.0,0.0,0.0,0.0
20190604_sample_8,0.0,0.0,0.0,0.0,0.0,0.0,0.0,0.0,0.0,0.0,0.0,0.0,0.0,0.08744038,1.28952482,7.00582936,5.4345522,3.44020491,2.6196785,0.12276983
20190605_sample_2,0.442105263,0.722807018,3.19766082,11.2421053,3.90175439,0.488888889,0.00467836257,0.0,0.0,0.0,0.0,0.0,0.0,0.0,0.0,0.0,0.0,0.0,0.0,0.0
20190605_sample_4,0.0,0.0,0.0,0.0,0.0,1.0365399,4.31767338,8.27989063,4.62092965,1.74496644,0.0,0.0,0.0,0.0,0.0,0.0,0.0,0.0,0.0,0.0
20190605_sample_6,1.36953552,0.9306694,1.16461749,2.65710383,5.04439891,4.06762295,3.34528689,0.80259563,0.3329918,0.26468579,0.0204918,0.0,0.0,0.0,0.0,0.0,0.0,0.0,0.0,0.0
20190606_sample_3,0.0,0.0,1.25449841,7.8684234,6.43428605,2.92775778,1.05760937,0.26826874,0.17785444,0.01130179,0.0,0.0,0.0,0.0,0.0,0.0,0.0,0.0,0.0,0.0
20190606_sample_7,0.0,0.0,3.70480017,14.84669063,1.16938042,0.27912878,0.0,0.0,0.0,0.0,0.0,0.0,0.0,0.0,0.0,0.0,0.0,0.0,0.0,0.0
20190607_sample_3,14.48052948,5.51947052,0.0,0.0,0.0,0.0,0.0,0.0,0.0,0.0,0.0,0.0,0.0,0.0,0.0,0.0,0.0,0.0,0.0,0.0
20190610_sample_1,0.0,4.23787023,12.80488648,2.60182091,0.35542238,0.0,0.0,0.0,0.0,0.0,0.0,0.0,0.0,0.0,0.0,0.0,0.0,0.0,0.0,0.0
20190610_sample_10,0.0,3.61036016,16.09139269,0.29824714,0.0,0.0,0.0,0.0,0.0,0.0,0.0,0.0,0.0,0.0,0.0,0.0,0.0,0.0,0.0,0.0
20190610_sample_12,0.0,0.26487408,13.3149393,5.5688773,0.75047657,0.10083275,0.0,0.0,0.0,0.0,0.0,0.0,0.0,0.0,0.0,0.0,0.0,0.0,0.0,0.0
20190610_sample_16,0.0,0.97157013,10.25881798,7.66497582,1.10463607,0.0,0.0,0.0,0.0,0.0,0.0,0.0,0.0,0.0,0.0,0.0,0.0,0.0,0.0,0.0
20190610_sample_3,12.00923077,7.78974359,0.20102564,0.0,0.0,0.0,0.0,0.0,0.0,0.0,0.0,0.0,0.0,0.0,0.0,0.0,0.0,0.0,0.0,0.0
20190610_sample_4,0.0,0.0,6.65738162,12.38088257,0.96173582,0.0,0.0,0.0,0.0,0.0,0.0,0.0,0.0,0.0,0.0,0.0,0.0,0.0,0.0,0.0
20190610_sample_8,0.0,0.24150841,7.99754952,9.38234293,2.29174324,0.0868559,0.0,0.0,0.0,0.0,0.0,0.0,0.0,0.0,0.0,0.0,0.0,0.0,0.0,0.0
20190611_sample_10,0.0,0.02986675,0.27033236,0.15316281,0.2339562,0.57665799,1.48759381,2.19635473,2.56739164,5.96492572,3.60277225,1.74797059,0.93812222,0.23089294,0.0,0.0,0.0,0.0,0.0,0.0
20190611_sample_14,0.0376197,0.76379389,7.35522116,7.98107615,2.89785682,0.64523484,0.31919745,0.0,0.0,0.0,0.0,0.0,0.0,0.0,0.0,0.0,0.0,0.0,0.0,0.0
20190611_sample_15,5.82469634,11.98705623,1.97439385,0.17539746,0.03845613,0.0,0.0,0.0,0.0,0.0,0.0,0.0,0.0,0.0,0.0,0.0,0.0,0.0,0.0,0.0
20190611_sample_3,0.99594474,9.80823424,6.14200289,1.87366829,1.00900406,0.17114578,0.0,0.0,0.0,0.0,0.0,0.0,0.0,0.0,0.0,0.0,0.0,0.0,0.0,0.0
20190611_sample_8,0.0,0.0,0.0,0.0,0.0,0.0,0.0,0.0,0.0,0.0,0.0,0.0,0.24210216,1.04162976,1.26483614,9.1490995,5.79982285,1.97106584,0.51963389,0.01180986
20190612_sample_2,0.0,0.0,7.79763492,10.35653952,1.60931804,0.23650751,0.0,0.0,0.0,0.0,0.0,0.0,0.0,0.0,0.0,0.0,0.0,0.0,0.0,0.0
20190612_sample_6,0.0,0.07732447,7.20685646,7.78273447,3.8986671,0.98088518,0.05353232,0.0,0.0,0.0,0.0,0.0,0.0,0.0,0.0,0.0,0.0,0.0,0.0,0.0
20190612_sample_7,0.0,0.02045353,1.96561435,7.77767897,8.39128502,1.82896102,0.01600711,0.0,0.0,0.0,0.0,0.0,0.0,0.0,0.0,0.0,0.0,0.0,0.0,0.0
20190613_sample_2,0.0,0.23707687,0.44085299,0.82549187,2.67230844,7.24398142,7.5106929,1.0695955,0.0,0.0,0.0,0.0,0.0,0.0,0.0,0.0,0.0,0.0,0.0,0.0
20190613_sample_3,0.54476564,3.66180016,1.12238679,0.84205506,0.9098858,2.69945152,3.95643995,4.17265043,1.38152142,0.417583,0.18600461,0.08001908,0.02543653,0.0,0.0,0.0,0.0,0.0,0.0,0.0
20190613_sample_4,0.42984902,1.77997884,1.15780363,0.83854217,3.13203193,5.33801327,5.21877104,1.60303875,0.50197134,0.0,0.0,0.0,0.0,0.0,0.0,0.0,0.0,0.0,0.0,0.0
20190613_sample_6,0.0,0.0,0.0,0.0,0.0,0.0,0.0,0.0,0.0,0.0,0.0,0.0,0.43414275,1.43374653,3.74200487,5.88158714,6.74817456,1.46997226,0.29037188,0.0
20190613_sample_7,0.22864081,1.55424083,0.91197975,1.11943576,3.52416876,9.47063839,2.96690521,0.1720619,0.05192859,0.0,0.0,0.0,0.0,0.0,0.0,0.0,0.0,0.0,0.0,0.0
20190613_sample_9,0.364844123,1.03666054,1.02735073,1.1040938,2.46911406,9.8321717,3.8353924,0.325843545,0.00452909946,0.0,0.0,0.0,0.0,0.0,0.0,0.0,0.0,0.0,0.0,0.0
20190614_sample_3,7.26330083,8.8721557,1.6450644,0.88301856,0.33329219,0.70279389,0.24770604,0.05266839,0.0,0.0,0.0,0.0,0.0,0.0,0.0,0.0,0.0,0.0,0.0,0.0
20190614_sample_8,0.0,0.0,0.0,0.0,0.0,0.0,0.0,0.0,0.0,0.0,0.0,0.0,0.0,0.0,0.45582995,6.90502519,3.51763116,3.07654503,2.9205062,3.12446246
20190617_sample_1,7.61527166,12.38472834,0.0,0.0,0.0,0.0,0.0,0.0,0.0,0.0,0.0,0.0,0.0,0.0,0.0,0.0,0.0,0.0,0.0,0.0
20190617_sample_4,0.35596737,1.56768746,0.74234402,2.40555238,8.62657413,5.87399828,0.39782484,0.03005152,0.0,0.0,0.0,0.0,0.0,0.0,0.0,0.0,0.0,0.0,0.0,0.0
20190617_sample_5,1.94433722,10.93028642,5.88357909,1.11518567,0.1266116,0.0,0.0,0.0,0.0,0.0,0.0,0.0,0.0,0.0,0.0,0.0,0.0,0.0,0.0,0.0
20190618_sample_2,0.0,0.0,0.0,0.0,0.0,0.0,0.0,0.0,0.0,1.04809763,1.81223578,2.58115977,6.34601579,4.82571588,1.17412459,1.86807051,0.34458004,0.0,0.0,0.0
20190618_sample_4,0.0,0.0,0.0,0.0,0.0,0.0,0.0,0.03266195,0.31936128,0.43186355,0.29637694,1.99600798,6.83602492,4.85695276,3.13554709,2.06859009,0.02661344,0.0,0.0,0.0
20190618_sample_5,0.0,0.0,0.0,0.0,0.0,0.0,0.0,0.0,0.0,0.0,0.0,0.54726002,0.41338727,2.33026848,10.78190511,3.91467451,1.27105554,0.65023906,0.09121,0.0
20190618_sample_7,9.81811883,8.9398926,1.14325307,0.09873549,0.0,0.0,0.0,0.0,0.0,0.0,0.0,0.0,0.0,0.0,0.0,0.0,0.0,0.0,0.0,0.0
20190618_sample_8,3.86656262,11.18480947,3.05956561,1.73819742,0.15086487,0.0,0.0,0.0,0.0,0.0,0.0,0.0,0.0,0.0,0.0,0.0,0.0,0.0,0.0,0.0
20190619_sample_3,0.0,1.49242082,14.20161854,4.14287475,0.1630859,0.0,0.0,0.0,0.0,0.0,0.0,0.0,0.0,0.0,0.0,0.0,0.0,0.0,0.0,0.0
20190619_sample_4,0.0,0.39709945,14.50966851,4.70476519,0.31767956,0.07078729,0.0,0.0,0.0,0.0,0.0,0.0,0.0,0.0,0.0,0.0,0.0,0.0,0.0,0.0
20190619_sample_5,0.0,0.64769231,10.76769231,6.56076923,1.94,0.08384615,0.0,0.0,0.0,0.0,0.0,0.0,0.0,0.0,0.0,0.0,0.0,0.0,0.0,0.0
20190619_sample_6,0.0,5.8299417,13.28640047,0.88365783,0.0,0.0,0.0,0.0,0.0,0.0,0.0,0.0,0.0,0.0,0.0,0.0,0.0,0.0,0.0,0.0
20190620_sample_1,3.7106565,15.46414917,0.66863573,0.15655861,0.0,0.0,0.0,0.0,0.0,0.0,0.0,0.0,0.0,0.0,0.0,0.0,0.0,0.0,0.0,0.0
20190620_sample_2,0.0,0.0,0.0,0.0,0.0,0.0,0.0,0.0,0.0,0.0,0.12268519,0.41743827,1.04320988,1.27083333,2.55092593,4.43132716,3.69521605,3.95987654,2.14660494,0.36188272
20190620_sample_5,0.0,0.0,0.0,0.0,0.0,0.0,0.0,0.0,0.0,0.0,0.0,0.0,0.01432665,0.20718536,0.40775843,1.30813313,3.86764382,7.16883403,6.16651973,0.85959885
20190620_sample_8,0.0,0.0,0.0,0.0,0.0,0.0,0.0,0.0,0.0,0.0,0.0,0.0,0.0,0.0,0.0,0.0,0.0,3.97876875,10.98340787,5.03782338
20190624_sample_2,0.0,0.0,0.0,0.0,0.0,0.00760167,0.23818573,0.24958824,0.96034461,1.28088179,0.73736222,0.79057393,1.31128848,6.35626504,4.6496896,1.82440137,1.2251362,0.36868111,0.0,0.0
20190624_sample_3,0.0,0.02073187,0.0492871,0.04498426,0.15646698,0.10796221,0.26560269,0.43888987,2.15846193,7.16775216,5.571789,2.59461362,1.06241076,0.30041659,0.06063095,0.0,0.0,0.0,0.0,0.0
20190624_sample_4,0.0,0.0,0.0,0.0,0.0,0.0,0.0,0.0,0.0,0.0,0.0,0.0,0.0,0.0,0.0,0.0,0.25108191,1.02538111,9.3414948,9.38204218
20190624_sample_6,0.10117713,0.30680572,0.17845156,0.37818634,2.06152486,8.02573632,8.32795796,0.60051407,0.01964604,0.0,0.0,0.0,0.0,0.0,0.0,0.0,0.0,0.0,0.0,0.0
20190625_sample_4,0.48462976,7.46407166,7.36224786,2.82271058,1.24121931,0.50911903,0.1160018,0.0,0.0,0.0,0.0,0.0,0.0,0.0,0.0,0.0,0.0,0.0,0.0,0.0
20190625_sample_5,0.0,0.0,0.0,0.0,0.0,0.4416826,2.24282983,4.56022945,2.5583174,1.62523901,2.37284895,2.12619503,1.94072658,0.53537285,0.61759082,0.39005736,0.4665392,0.12237094,0.0,0.0
20190625_sample_6,3.88985407,11.39940931,4.01233495,0.62195969,0.07644197,0.0,0.0,0.0,0.0,0.0,0.0,0.0,0.0,0.0,0.0,0.0,0.0,0.0,0.0,0.0
20190626_sample_1,0.0,0.0,0.0,0.0,0.0,0.0,0.0,0.0,0.10902483,1.21209962,1.12730253,3.91349271,4.65885203,4.7407988,2.74272277,1.352478,0.1432287,0.0,0.0,0.0
20190627_sample_2,0.0,0.0,0.0,0.0,0.0,0.0,0.0,0.0,0.0,0.0,0.06264805,0.66994264,3.25848196,8.44260851,5.14497151,1.96010102,0.44519274,0.01605356,0.0,0.0
20190628_sample_1,0.0,0.0,0.0,0.0,0.0,0.0,0.0,0.0,0.0,0.0,0.0,0.0,0.0,0.0,0.22042549,0.65856633,6.00749808,11.25344415,1.75708027,0.10298568
20190628_sample_2,0.0,0.0,0.0,0.0,0.0,0.0,0.0,0.0,0.7952468,3.07250072,4.06956605,3.77585875,4.40224189,2.65082267,1.06946984,0.16429327,0.0,0.0,0.0,0.0
20190628_sample_4,0.0,0.0,0.0,0.0,0.0,0.0,0.0,0.0,0.0,0.0,0.0,0.0,0.0,0.0,0.22116418,0.62253622,2.82803461,8.05713408,5.27107971,3.0000512
20190628_sample_6,0.0,0.0,0.0,0.0,0.0,0.0,0.0,0.0,0.0,0.0,0.0,0.0,0.0,0.0,0.22902162,2.5677904,3.2585196,5.93990473,5.84371565,2.161048
20190703_sample_1,0.0,0.0,0.0,0.0,0.0,0.0,0.0,0.0,0.0,0.0,0.0,0.0,0.0,0.0,5.16578546,6.40290349,5.01881889,3.07016758,0.33560355,0.00672103
20190703_sample_10,0.0,0.0,0.0,0.0,0.0,0.0,0.0,0.0,0.12009321,1.73089562,5.46633208,6.13969051,3.82864313,1.56479656,0.76716257,0.38238633,0.0,0.0,0.0,0.0
20190703_sample_12,0.0,0.0,0.0,0.0,0.0,0.0,0.0,0.0,0.0,0.0,0.0,0.0,0.0,0.0,0.0,0.0,0.02717022,1.23262238,11.22492415,7.51528325
20190703_sample_13,0.0,0.0,0.0,0.0,0.0,0.0,0.0,0.0,0.0,0.0,0.0,0.0,0.0,0.17073455,0.68759458,2.59206084,4.17290753,6.5352528,4.27379613,1.56765356
20190703_sample_15,0.0,0.0,0.0,0.0,0.0,0.0,0.0,0.0,0.0,0.0,0.0,0.0,0.02729319,0.20090039,0.67332583,2.6339336,5.64940912,4.64096792,3.84524479,2.32892515
20190703_sample_2,0.0,0.0,0.0,0.0,0.0,0.0,0.0,0.0,0.0,0.0,0.0,0.0,0.0,0.0,0.0,0.0,0.0,0.20060809,4.98260352,14.81678839
20190703_sample_3,0.0,0.0,0.0,0.0,0.0,0.0,0.0,0.0,0.0,0.0,0.0,0.0,0.34259259,0.92592593,2.45277778,5.19351852,5.63148148,4.46018519,0.99351852,0.0
20190703_sample_5,0.0,0.0,0.0,0.0,0.0,0.0,0.10387572,0.3185522,1.01198033,1.50550541,1.45426006,2.41776506,3.62687842,5.04789825,3.47683571,1.03644884,0.0,0.0,0.0,0.0
20190703_sample_8,0.0,0.0,0.0,0.0,0.0,0.0,0.0,0.0,0.0,0.0,0.0,0.0,0.0,0.0,0.0,0.02159618,1.68034886,6.5295217,7.90143282,3.86710044
20190704_sample_12,0.0,0.0,0.0,0.0,0.0,0.0,0.0,0.0,0.29734584,0.74236679,2.80582718,7.54340451,3.81959689,3.06326083,1.51067651,0.21752145,0.0,0.0,0.0,0.0
20190704_sample_14,0.0,0.0,0.0,0.0,0.0,0.0,0.66516468,1.65862032,7.06791117,3.43525373,3.17562493,1.52558738,1.05353503,0.39266173,0.71022422,0.3154168,0.0,0.0,0.0,0.0
20190708_sample_12,0.0,0.0,0.0,0.0,0.0,0.0,0.0,0.0,0.0,0.0,0.0,1.35016255,8.30942819,6.70109007,2.99101167,0.64830752,0.0,0.0,0.0,0.0
20190708_sample_4,0.0,0.0,0.0,0.0,0.0,0.0,0.0,0.0,0.0,0.0,0.0,0.0,0.0,0.0,0.0,0.0,0.13998732,3.79784508,10.34307917,5.71908843
20190708_sample_6,0.0,0.0,0.0,0.0,0.0,0.0,0.0,0.0,0.0,0.0,0.0,0.0,0.0,0.0,0.0,0.0,0.0,0.97703957,5.89480541,13.12815502
20190709_sample_1,0.0,0.0,0.0,0.0,0.0,0.0,0.0,0.0,0.0,0.0,0.0,0.80982634,2.60736976,4.74205845,6.1279119,2.55993223,1.56035578,1.53155443,0.06099111,0.0
20190709_sample_2,0.0,0.0,0.0,0.0,0.0,0.0,0.0,0.15104252,2.50205221,8.13659498,5.00246265,2.79757019,1.00968642,0.40059104,0.0,0.0,0.0,0.0,0.0,0.0
20190709_sample_3,0.0,0.0,0.0,0.0,0.0,0.0,0.0,0.0,0.0,0.0,0.0,0.0,0.0,0.0,0.0,0.0,0.0,1.2733142,11.2751076,7.45157819
20190710_sample_6,0.0,0.0,0.0,0.0,0.17620273,0.3530654,0.14584571,0.47647331,0.70943048,0.39992081,0.68303306,3.8315845,4.35161354,3.52669438,3.65868145,1.34164852,0.34580611,0.0,0.0,0.0
20190712_sample_5,0.0,0.0,0.0,0.0,0.0,0.0,0.0,0.0,0.0,1.43105089,3.77582442,7.50013997,6.25216953,0.96859078,0.0722244,0.0,0.0,0.0,0.0,0.0
20190712_sample_6,0.0,0.0,0.0,0.0,0.0,0.0,0.0,0.0,0.0,0.0,0.0,0.0,0.03353183,2.27900792,8.03838816,8.68011794,0.96895415,0.0,0.0,0.0
20190715_sample_1,0.0,8.21404801,10.80001775,0.87766784,0.10826641,0.0,0.0,0.0,0.0,0.0,0.0,0.0,0.0,0.0,0.0,0.0,0.0,0.0,0.0,0.0
20190715_sample_10,0.0,0.0,0.0,0.0,0.0,0.0,0.0,0.0,0.36067893,3.51131542,8.88967468,5.82743989,1.41089109,0.0,0.0,0.0,0.0,0.0,0.0,0.0
20190715_sample_11,0.0,0.199770634,1.6973105,9.90862343,7.89463949,0.297436277,0.00221967371,0.0,0.0,0.0,0.0,0.0,0.0,0.0,0.0,0.0,0.0,0.0,0.0,0.0
20190715_sample_4,0.0,0.60538344,6.01320467,10.97206704,2.40934485,0.0,0.0,0.0,0.0,0.0,0.0,0.0,0.0,0.0,0.0,0.0,0.0,0.0,0.0,0.0
20190715_sample_7,0.0,0.0,0.0,0.0,0.0,6.79256246,6.74753051,3.92504358,2.37652528,0.15833818,0.0,0.0,0.0,0.0,0.0,0.0,0.0,0.0,0.0,0.0
20190716_sample_9,0.0,0.0,0.0,0.0,0.0,0.0,0.1203745,0.37004012,1.31074454,5.3484916,4.98290979,3.4730272,2.7180859,1.54554912,0.13077723,0.0,0.0,0.0,0.0,0.0
20190718_sample_5,0.0,0.0,0.0,0.0,0.0,0.0,0.0,0.0,0.0,0.0,0.0,0.0,0.5909633,9.88207235,6.45819531,2.9468663,0.12190274,0.0,0.0,0.0
20190718_sample_8,0.0,0.0,0.0,0.0,0.50165893,10.13404114,8.4512276,0.87591241,0.03715992,0.0,0.0,0.0,0.0,0.0,0.0,0.0,0.0,0.0,0.0,0.0
20190718_sample_9,0.0,0.0,0.0,0.0,0.0,0.0,0.0,0.0,0.0,0.0,0.0,0.0,0.0,0.0,0.0,0.0,0.0,0.32967033,6.20192308,13.46840659
20190725_sample_6,0.0,0.0,0.0,0.0,0.0,0.0,0.0,0.0,0.0,0.0,0.0,0.51505711,6.15991693,9.90654206,3.16095535,0.25752856,0.0,0.0,0.0,0.0
20190729_sample_2,0.0,0.0,0.0,0.0,0.0,0.0,0.0,0.0,0.0,0.0,0.0,0.0,1.69826652,5.6301914,8.60057783,3.593355,0.47760925,0.0,0.0,0.0
20190729_sample_3,0.17835972,0.44813868,0.97162579,1.21347841,4.09489686,8.84606265,4.04642095,0.20101694,0.0,0.0,0.0,0.0,0.0,0.0,0.0,0.0,0.0,0.0,0.0,0.0
20190729_sample_5,0.0,0.0,0.0,0.0,0.0,0.0,0.0,0.0,0.0,0.0,0.0,0.0,0.0,0.0,0.0,0.0,0.0,0.75949367,6.82966742,12.41083891
20190730_sample_7,0.0,0.0,0.0,0.0,0.0,0.0,0.0,0.0,0.0,0.0,0.0,0.0,0.27587985,0.29006059,0.32228954,1.53925487,1.58824288,3.52842594,7.36882816,5.08701818
20190730_sample_9,0.0,0.0,0.0,0.0,0.0,0.0,0.0,0.0,0.0,0.0,0.0,0.0,0.0,0.0,0.0,0.0,0.11035046,2.1341235,13.26794047,4.48758557
20190731_sample_1,0.0,0.0,0.0,0.0,0.03464021,1.6686786,4.24185168,6.02004934,5.64880421,2.17813468,0.20784128,0.0,0.0,0.0,0.0,0.0,0.0,0.0,0.0,0.0
20190731_sample_5,0.0,0.0,0.05379802,2.06303725,6.55751126,6.40547336,1.32389919,0.7777323,0.99058535,1.13151278,0.4362318,0.23390445,0.02631425,0.0,0.0,0.0,0.0,0.0,0.0,0.0
20190820_sample_3,0.0,0.0,0.0,0.0,0.0,0.0,0.0,0.0,0.02247688,0.8080622,2.26758539,4.40620509,7.14875272,3.9459818,1.08515421,0.31578172,0.0,0.0,0.0,0.0
20190827_sample_1,0.0,0.0,0.0,0.0,0.0,0.05668848,0.24844012,1.69266474,2.11611627,2.82072744,4.95168163,4.05798204,2.22797139,1.1497489,0.66085832,0.01712068,0.0,0.0,0.0,0.0
20190827_sample_4,0.0,0.13805473,0.57776449,1.20498954,1.04138924,0.96529608,0.65548822,2.1648504,7.37070957,3.92749409,1.61534908,0.33861456,0.0,0.0,0.0,0.0,0.0,0.0,0.0,0.0
20190827_sample_7,0.0,0.0,0.0,0.0,0.0,0.0,0.0,0.0,0.0,0.0,0.0,0.0,0.10629203,0.13032327,0.32996742,1.00977424,4.43191534,10.849643,2.53853086,0.60355385
20190828_sample_5,0.0,0.0,0.0,0.0,0.0,0.0,0.0,0.0,0.0,1.08168761,1.76391382,5.96723519,7.79847397,2.32271095,1.06597846,0.0,0.0,0.0,0.0,0.0
20190828_sample_7,0.0,0.0,0.0,0.46309696,3.35745297,11.25387637,3.65619185,1.01819309,0.25118875,0.0,0.0,0.0,0.0,0.0,0.0,0.0,0.0,0.0,0.0,0.0
20190829_sample_6,0.0,0.0,0.0,0.0,0.0,0.0,0.0,0.0,0.0,0.0,0.0,0.0,0.0,0.02888815,0.23945843,1.50705671,3.07676244,7.08142631,5.9638376,2.10257035
20190904_sample_3,4.25828474,13.66235244,1.62139098,0.45797184,0.0,0.0,0.0,0.0,0.0,0.0,0.0,0.0,0.0,0.0,0.0,0.0,0.0,0.0,0.0,0.0
20190904_sample_5,0.0,0.0,0.0,0.0,0.0,0.0,0.0,0.0,0.0,0.0,0.0,0.11038863,5.78557387,10.64267352,3.40087706,0.06048692,0.0,0.0,0.0,0.0
20190904_sample_7,0.0,0.0,0.0,0.0,0.0,0.0,0.0,0.0,0.0,0.0,0.0,0.0,0.0,0.0,0.33055249,0.89249174,0.93026916,3.65811428,9.06500866,5.12356367
20190905_sample_1,0.0,0.0,0.0,0.0,0.0,0.0,0.0,0.0,0.0,0.0,0.21563174,0.81190037,1.79755617,6.1183162,6.42395075,2.57758055,1.12128504,0.87752742,0.05625176,0.0
20190906_sample_1,0.0,0.0,0.0,0.0,0.0,0.0,0.00745562,0.22825682,2.81994666,5.55902847,6.39463195,4.25486766,0.73581281,0.0,0.0,0.0,0.0,0.0,0.0,0.0
20190906_sample_6,0.0,0.0,0.0,0.0,0.0,0.0,0.0,0.0,0.0,0.0,0.0,0.0,0.0,0.58191965,3.67753806,8.8606264,5.65622662,1.22368927,0.0,0.0
20190910_sample_1,14.67001828,5.32998172,0.0,0.0,0.0,0.0,0.0,0.0,0.0,0.0,0.0,0.0,0.0,0.0,0.0,0.0,0.0,0.0,0.0,0.0
20190910_sample_2,0.0,0.0,0.0,0.0,0.51231742,1.38216699,3.16328755,5.39350338,6.82145193,1.89230434,0.47307608,0.3618923,0.0,0.0,0.0,0.0,0.0,0.0,0.0,0.0
20190910_sample_6,0.0,0.0,0.0,0.0,0.0,0.0,0.0,0.0,0.0,0.0,0.0,0.0,0.0,0.17926291,0.78799859,1.53212922,3.84088386,7.31728452,5.1688375,1.1736034
20190912_sample_10,0.0,0.0,0.0,0.0,0.0,0.0,0.0,0.0,0.0,0.0,0.0,0.28111707,0.87664139,4.61623821,11.16330682,2.87775106,0.18494544,0.0,0.0,0.0
20190917_sample_2,0.0,0.0,0.0,0.0,0.0,0.0,0.06935706,0.20455942,1.39972491,3.78742208,5.29045097,4.94073922,2.5814287,1.38216616,0.34415147,0.0,0.0,0.0,0.0,0.0
20190924_sample_2,0.0,0.0,0.0,0.35341686,0.25258324,0.09384516,0.17770678,0.29651076,0.66989467,1.53846154,2.08855389,1.79204313,3.40438277,5.62971098,1.99770379,1.60135776,0.10382868,0.0,0.0,0.0
20190924_sample_7,0.0,0.0,0.0,0.0,0.0,0.0,0.0,0.0,0.0,0.0,0.0,0.0,0.0,0.0,0.23464523,0.62447415,3.52061326,8.24997663,5.70814247,1.66214827
20190925_sample_2,0.0,0.0,0.0,0.0,0.0,0.0,0.0,0.0,0.30927482,2.00994343,3.29504543,4.2667581,2.94599691,2.18549631,2.35350591,1.39207955,0.74609978,0.41076633,0.08503343,0.0
20190925_sample_3,0.02926965,0.15492727,0.35300203,0.55107679,1.21620428,3.42177308,5.57561536,5.79564236,2.58758816,0.29345344,0.02144759,0.0,0.0,0.0,0.0,0.0,0.0,0.0,0.0,0.0
20190925_sample_5,0.00981669,4.72635971,9.03097922,5.07371958,0.93824923,0.20992619,0.01094939,0.0,0.0,0.0,0.0,0.0,0.0,0.0,0.0,0.0,0.0,0.0,0.0,0.0
20190925_sample_6,0.0,0.0,0.0,0.0,0.0,0.0,0.0,0.00887749063,1.60189386,10.7891103,7.54685342,0.0532649438,0.0,0.0,0.0,0.0,0.0,0.0,0.0,0.0
20190926_sample_5,0.0,0.0,0.0,0.0,0.0,0.0,0.0,0.38459615,0.93223306,5.54688672,9.02275569,3.61540385,0.17304326,0.09102276,0.07951988,0.15453863,0.0,0.0,0.0,0.0
20190927_sample_3,0.0,0.0,0.0,0.0,0.26744672,4.93239691,11.7247887,2.76855883,0.27688284,0.02992599,0.0,0.0,0.0,0.0,0.0,0.0,0.0,0.0,0.0,0.0
20190927_sample_5,0.0,0.0,0.0,0.0,0.0,0.0,0.0,0.0,0.0084291,0.2455677,0.75861875,4.10946588,7.36028771,4.54272147,2.45230536,0.50574583,0.01685819,0.0,0.0,0.0
20191001_sample_3,0.0,0.0,0.0,0.0,0.0,0.0,0.01290711,0.04273688,0.08576059,0.2182736,0.83064435,2.22031006,3.81218718,4.72228198,4.17301266,2.70791206,0.70960433,0.41819042,0.04617878,0.0
20191001_sample_4,0.0,0.0,0.0,0.0,0.0,0.0,0.0,0.0,0.0,0.0,0.0,0.0,0.0,0.0,0.03177197,0.92501816,4.89696805,7.19544299,5.45797023,1.49282861
20191001_sample_5,0.0,0.0,0.0,0.0,0.0,0.0,0.0,0.15767897,0.29815659,0.5303747,1.06590981,1.14331585,1.76084401,1.782059,3.86800837,5.13116023,2.68168917,1.30959548,0.27120782,0.0
20191003_sample_3,0.02775152,0.2326858,0.27934494,0.34704645,0.86060199,0.81485774,1.46747583,3.8629502,7.87624653,3.1984386,0.57363301,0.12869385,0.06465189,0.06526181,0.06038242,0.07563051,0.06434692,0.0,0.0,0.0
20191003_sample_4,0.0881184842,1.10872083,1.59357935,2.1334602,4.44439848,6.03549561,3.97112361,0.623034916,0.00206850902,0.0,0.0,0.0,0.0,0.0,0.0,0.0,0.0,0.0,0.0,0.0
20191010_sample_2,0.0,0.0,0.00658922,0.09969776,1.00729111,2.23517784,1.1625675,0.87751214,2.69097993,5.17597513,3.79510392,1.98765238,0.79786853,0.12376273,0.0398218,0.0,0.0,0.0,0.0,0.0
20191010_sample_6,0.0,0.0,0.0,0.0,0.0,0.0,0.0,0.08595575,0.06597164,0.17311535,0.67223653,2.84641129,7.07702309,5.65261358,2.12505718,0.77384249,0.40666458,0.10497677,0.01613175,0.0
20191028_sample_2,0.0,0.0,0.0,0.0,0.0,0.0,0.0,0.0,0.0,0.0,0.11294566,0.11430645,0.7624966,1.42973782,2.1042366,3.12619069,4.80858206,4.48652817,2.62405879,0.43091717
20191028_sample_3,0.0,0.0,0.0,0.0,0.0,0.0,0.0,0.0,0.0,0.03390549,0.33425161,2.36801582,3.5694003,5.16521862,4.48456594,2.69379106,1.09006145,0.26078972,0.0,0.0
20191101_sample_1,8.88065327,10.22738693,0.8919598,0.0,0.0,0.0,0.0,0.0,0.0,0.0,0.0,0.0,0.0,0.0,0.0,0.0,0.0,0.0,0.0,0.0
20191104_sample_1,15.01083681,4.98916319,0.0,0.0,0.0,0.0,0.0,0.0,0.0,0.0,0.0,0.0,0.0,0.0,0.0,0.0,0.0,0.0,0.0,0.0
20191104_sample_4,0.0,0.0,0.0,0.0,0.0,0.0,0.0,0.0,0.0,0.99722598,6.35749342,6.67117149,3.97894587,1.83298954,0.1621737,0.0,0.0,0.0,0.0,0.0
20191105_sample_1,0.0,0.0,0.0,0.0,0.0,0.0,0.08490917,1.63221813,5.42640641,6.86072866,5.08676973,0.9089679,0.0,0.0,0.0,0.0,0.0,0.0,0.0,0.0
20191105_sample_4,0.0,0.0,0.0,0.0,0.0,0.0,0.0,0.0,0.32660258,1.6842282,3.80588556,3.40959657,4.50862684,2.61449981,1.7203308,1.15024558,0.63473406,0.08731791,0.05793208,0.0
20191106_sample_5,14.6484142,5.33964742,0.0119383979,0.0,0.0,0.0,0.0,0.0,0.0,0.0,0.0,0.0,0.0,0.0,0.0,0.0,0.0,0.0,0.0,0.0
20191107_sample_2,0.0,0.0,0.0,0.0,0.0,0.47561272,1.63795195,1.01067702,5.31667071,6.51298229,4.31084688,0.65154089,0.08371754,0.0,0.0,0.0,0.0,0.0,0.0,0.0
20191107_sample_3,0.25961178,0.64374168,1.7122096,3.51891652,7.11254392,5.27308703,1.33899635,0.14089312,0.0,0.0,0.0,0.0,0.0,0.0,0.0,0.0,0.0,0.0,0.0,0.0
20191107_sample_4,0.36195377,1.62252157,1.3102986,2.20199356,5.57417458,5.10800234,2.62189453,0.7338537,0.28324937,0.09254254,0.08951545,0.0,0.0,0.0,0.0,0.0,0.0,0.0,0.0,0.0
20191114_sample_1,3.40765628,11.56994502,4.35094685,0.55996742,0.11148442,0.0,0.0,0.0,0.0,0.0,0.0,0.0,0.0,0.0,0.0,0.0,0.0,0.0,0.0,0.0
20191114_sample_4,0.84746949,1.43127144,1.53207177,2.05287351,3.34041113,2.37160791,4.34001447,2.99367665,0.78586929,0.13113377,0.11620039,0.05740019,0.0,0.0,0.0,0.0,0.0,0.0,0.0,0.0
20200225_sample_5,0.0924151922,2.48394004,11.5766933,4.26462301,1.57105827,0.0112701454,0.0,0.0,0.0,0.0,0.0,0.0,0.0,0.0,0.0,0.0,0.0,0.0,0.0,0.0
