cell id,AP Fano factor,AP amplitude (mV),AP amplitude adaptation index,AP amplitude average adaptation index,AP coefficient of variation,AP threshold (mV),AP width (ms),Afterdepolarization (mV),Afterhyperpolarization (mV),Burstiness,ISI Fano factor,ISI adaptation index,ISI average adaptation index,ISI coefficient of variation,Input resistance (MOhm),Latency (ms),Latency @ +20pA current (ms),Max number of APs,Membrane time constant (ms),Rebound (mV),Rebound number of APs,Resting membrane potential (mV),Rheobase (pA),Sag area (mV*s),Sag ratio,Sag time (s),Spike frequency adaptation,Upstroke-to-downstroke ratio,Wildness
20200407_sample_19,0.5500024438781204,53.2207265496254,0.939902217136979,0.9957478600416413,0.10961230048100337,-26.862258091568947,0.4800000000000082,0.0,-20.641108974814415,0.0,0.00014356015443138566,1.1016042780748678,1.022095953198821,0.13561068212932348,146.2872569809357,22.48,13.679999999999998,77,4.860094041986165,2.043298049298528,0,-65.67023690640926,140.0,0.0,1.1065159059727936,0.0,0.8333333333333334,0.9703868212853419,0.0
20200403_sample_6,2.706320399682976,63.56213428080082,0.9799067686865885,0.9785611395238558,0.2636316932344682,-38.859087973833084,0.7199999999999984,0.0,-13.408593833446503,0.0,0.0014881835262155123,1.054474708171204,1.0895359345507074,0.2898497905184847,227.63490195146636,52.64000000000002,28.960000000000015,33,15.04893552305004,17.50503931079531,3,-66.51407674998045,21.714285714285694,57.964478965848876,1.604509837375327,0.50552,0.65,1.246675608731384,0.0
20200408_sample_5,0.962007654536592,71.92474976181984,0.927331664511784,0.9827841677278598,0.14685299620997178,-39.03241083025932,0.5600000000000049,0.0,-11.304397135972977,0.0,0.0014395263343143635,1.2709677419354841,1.1222276080256501,0.2955003594196256,168.8023792393505,33.20000000000001,20.52000000000001,37,14.909134689088312,2.82446722345221,0,-54.70130370557308,60.0,45.141160559356415,1.2860437179207904,0.5200800000000001,0.6818181818181818,1.2950334172590494,0.0
20200406_sample_16,1.43346469946198,62.79030069708824,0.9651179031270094,0.990123906546872,0.19827241468110923,-39.25001993775368,0.5199999999999927,0.0,-10.08274033665657,0.0,0.0009086926857771373,1.0371517027863806,1.1048138506107315,0.27378674577763795,136.79489170759913,93.4,58.28,49,13.639737369328712,2.4673639543201418,0,-65.33217861801386,68.0,0.0,1.1613831396247012,0.0,0.6333333333333333,1.23016986299705,0.0
20200406_sample_2,0.6923104380699133,60.5989433825016,0.9408533796197961,0.9946408313172517,0.12353021299919786,-40.89789837598801,0.43999999999999595,0.0,-22.037364542484283,0.0,6.017788879570749e-05,0.9066985645933011,2.0336356872500176,0.10229867931324496,159.5616165759663,159.64000000000004,18.280000000000005,105,13.215338049350084,1.1110071719698382,0,-62.19325854703784,97.4468085106383,0.0,1.1242501851347404,0.0,0.9622641509433962,0.8512567426760062,0.0
20200406_sample_5,1.837124267398128,71.15396112203598,0.9159659869776664,0.963760751774412,0.20216481994545604,-43.66490617394447,0.5599999999999772,0.0,-8.153386414051056,0.5517774343122099,0.03947822249640141,1.5900216919739678,1.6655924007303227,1.0684591635998903,176.0910072204258,89.04,31.840000000000007,16,13.790823163048131,0.7540930016227136,0,-61.26296316161752,48.57142857142858,0.0,1.0662331651251808,0.0,0.6,1.3865372273864855,0.0
20200406_sample_17,0.9889702667199327,62.18240037560463,0.962889307102397,0.9965563426276197,0.14551965070954206,-36.93757578730583,0.4400000000000237,0.0,-24.427637457847595,0.0,0.00012522970873287437,1.0164203612479479,1.0185017394542084,0.14988638776588462,188.0189495657881,37.20000000000001,24.000000000000007,108,9.592669648620193,2.464674754080278,0,-68.45916677862405,96.32183908045978,0.0,1.0970258811597047,0.0,0.9285714285714286,0.9501612754062145,0.0
20200409_sample_20,3.7652510024064707,75.18745586276054,0.9457986120430123,0.9898560279330454,0.3021910707884523,-37.56210207939148,0.5199999999999927,0.0,-11.70995831489563,0.0,0.008535829788989062,1.2075289575289574,1.1864684443937699,0.7851410862445183,203.29346779113013,36.64000000000001,21.159999999999997,42,10.725474407296998,0.5475185157351135,0,-57.11252845004201,60.0,0.0,1.059112644394664,0.0,0.5769230769230769,1.2876096992631363,0.0
20200413_sample_10,6.45944659489796,61.714423820376396,0.7044100468982251,0.7572386613156619,0.36243235261403306,-29.191171750426292,0.7999999999999952,0.0,-7.60219432413578,0.0,0.00417631031922791,1.7493150684931509,1.6385809312638588,0.29529687316726616,44.89397522062065,80.56000000000002,54.68000000000001,4,11.162155454935357,0.49311397546496494,0,-65.7900791913271,380.0,0.0,1.1057686271671958,0.0,,2.037205889079316,0.0
20200407_sample_16,1.9428620563067702,67.03063286840916,0.9538115842427601,0.9894825821511335,0.2097201388933053,-36.6484634578228,0.5199999999999927,0.0,-18.271449953317642,0.0,0.00035773898021890997,1.1105710814094767,1.2494557903503773,0.1851672975662025,164.4524892146389,38.84000000000001,26.880000000000017,58,10.650320889910269,4.425637763737036,0,-61.93076316714287,98.15384615384616,44.19205990418789,1.2599619720995467,0.4692400000000001,0.8387096774193549,1.1284339429482622,0.0
20200414_sample_12,2.0024535654092026,75.70281624794006,0.9356351600242915,0.9937748944537053,0.20306117416846284,-27.00924500823021,0.9200000000000041,0.0,-5.603153258562088,0.6192771084337345,0.0012476578320760184,2.33685601056803,1.3463028308043696,0.23711456109766685,58.20911550521852,70.76000000000002,41.52,28,9.124190231871165,0.348086433414295,0,-54.223355405777696,251.11111111111111,0.0,1.0524784844933246,0.0,0.8,2.624403881484695,0.0
20200408_sample_19,12.515322915100079,63.858501613140106,0.8201064319717218,0.788525473723442,0.601501238785601,-44.406957924366,0.7599999999999829,0.0,-8.924920111894608,0.0,0.08926012823891084,1.2841530054644827,1.860391703936493,0.9899590774143665,323.76133718838287,61.40000000000001,28.32000000000001,6,19.760039120789962,15.570744199769571,4,-62.70134452283382,25.555555555555546,63.197576123923014,1.0915274797225567,0.49460000000000004,0.2,1.0774702024903018,0.0
20200413_sample_7,1.0848987396680017,76.22112520039082,0.8201016904332763,0.9182460647343236,0.130126813720155,-24.30102787911892,0.7999999999999952,0.0,-7.574731484055519,0.0,0.0016249302325581382,1.4809160305343518,1.4809160305343518,0.23713654889343247,60.01860247179867,20.88000000000001,16.440000000000012,6,6.377970215198725,0.20392513411836433,0,-55.443500495702025,380.0,0.0,1.035006239627118,0.0,0.0,2.5114961572731653,0.0
20200409_sample_5,3.4324158072109734,69.77014988660812,0.898222631146578,0.9531495945693392,0.2787890067815886,-35.11902317404747,0.5200000000000204,0.0,-7.78651237487793,0.0,0.056313897286552964,1.3154362416107421,1.741620930367806,1.082319975482216,325.5196732232969,360.84000000000003,51.08000000000001,13,19.219613867419763,2.9848495688389747,0,-57.166400206834076,20.0,0.0,1.047734803545085,0.0,0.3,1.273758727367323,0.0
20200407_sample_24,0.9576233955967929,75.64681209623814,0.9439741250997709,0.989423192976948,0.13365497926828965,-29.359767213463783,0.5999999999999894,0.0,-15.062296763062477,0.0,0.0015513469370582289,1.0302013422818803,1.0732243263059313,0.2890434496094654,135.14669383193052,37.599999999999994,23.52,33,13.058772009394085,3.8867306553381837,0,-51.61702632382512,117.73584905660374,37.206555329263566,1.3633342238488106,0.47388,0.65,1.2776885289473414,0.0
20200413_sample_8,0.8507621730079911,81.90800435841084,0.9485136944321488,0.9763528212999841,0.12273693133293916,-30.925264582037926,0.7600000000000107,0.0,-5.172884091734886,0.43169398907103895,0.0009030516999460341,1.8995169082125605,1.2508611902699722,0.1951253130197337,33.11772654697832,49.04,36.879999999999995,26,9.238029643520443,1.3398236717544876,0,-56.54050546586514,340.0,0.0,1.4106788213092443,0.0,0.8571428571428571,2.002388180739915,0.0
20200414_sample_4,1.1659807846890595,76.71313732862473,0.9453538904005329,0.9954550843223756,0.15071344184640106,-33.911969512701035,0.9600000000000164,0.0,-7.073510438203812,0.5409836065573772,0.0016364585848398256,1.1784646061814552,1.0415440189223035,0.27560832115533457,93.46363358199596,24.000000000000007,18.240000000000006,28,10.904659666642786,1.9493488994633523,0,-51.524182138592,120.0,0.0,1.0888980813362055,0.0,0.75,2.153860611248568,0.0
20200407_sample_1,1.0121973838654368,59.40733663737774,0.9622271271767053,0.996619875286429,0.14827547212613668,-37.55970299243927,0.5199999999999927,0.0,-23.249763995409012,0.0,3.0521505376343924e-05,1.0476190476190457,1.0209640858423374,0.06793487309408967,252.93092066794634,28.840000000000003,16.72,91,11.281549276314745,3.791940938614786,0,-66.00936961770057,64.070796460177,53.91150238618269,1.115786775059517,0.4827200000000001,0.9148936170212766,1.0074925489468842,0.0
20200410_sample_2,3.272934513326975,80.55165410041809,0.8943733495835873,0.9838553379701503,0.27973034872667096,-42.9685041308403,0.6400000000000017,0.0,-7.184531539678574,0.8129921259842522,0.0024619643806485948,1.2173913043478217,1.565283689267311,0.40700430915315694,125.52480089238712,101.60000000000002,33.8,28,12.35381792940547,7.575903897216783,0,-63.820825225114824,54.285714285714285,45.041069585978846,1.634497943563888,0.5056800000000001,0.21739130434782608,1.8308553597193495,0.0
20200413_sample_1,3.419091959630172,71.54280878603458,0.5871020108609928,0.7397050196018925,0.24682066640165368,-29.465707018971443,0.9600000000000164,0.0,-8.979955688118935,0.0,0.006754119138149557,3.1965601965601964,3.1965601965601964,0.46261089987325726,72.62113436435658,47.52000000000001,38.20000000000001,3,10.771677306020683,0.4514763248287892,0,-64.68087266981601,320.0,0.0,1.0423301825202984,0.0,,2.3099202922354394,0.0
20200409_sample_19,0.6953143839067022,63.53611685335636,0.8999399924248225,0.9832592676614725,0.11828830130659196,-29.391927644610405,0.4799999999999943,0.0,-18.820783123373985,0.0,0.002072117051150831,1.3134328358208942,1.158746519059563,0.30315930947674735,183.7137590361138,22.960000000000008,10.959999999999997,27,11.877080250430202,0.8221463385865064,0,-44.83758537396788,48.61111111111111,38.3833522936706,1.1586753489353054,0.49292,0.6875,1.0166975698624348,0.0
20200414_sample_11,0.6388823653570336,77.55796797573566,0.9039772123510181,0.9820241750388918,0.10677609692893827,-25.04531852900982,0.8800000000000197,0.0,-7.7376533299684525,0.7251461988304101,0.0032367828670186926,2.864919354838711,1.779411224903151,0.32311741879567796,115.07219283531106,47.000000000000014,34.48000000000001,19,14.404672084871988,1.7820810407499437,0,-55.875920525193216,163.33333333333331,0.0,1.1602865673077674,0.0,0.5833333333333334,2.309941768071301,0.0
20200414_sample_15,0.5035880586872457,78.20022664964199,0.9747536398204695,0.9902967209276632,0.09201023054210333,-29.592810198664665,0.9600000000000164,0.0,-8.631227537989616,0.22631261315630619,0.0016999776645094792,1.5003123048094948,1.128958526371596,0.23434228779940913,68.02772591334016,69.76000000000002,48.199999999999996,20,15.710625749591783,2.180247513618383,0,-55.129430055618286,102.50000000000001,0.0,1.1986306557408153,0.0,0.8181818181818182,2.73825623477447,0.0
20200410_sample_13,2.1359567337502114,78.97210493683815,0.9300135084559757,0.9745727526425153,0.21672678750998803,-37.05061972141266,0.7199999999999984,4.87411767244339,-2.06727534532547,0.7360959651035985,0.0018959293094072864,1.8173913043478265,1.340384789147011,0.253840090699879,31.120372061573345,65.88000000000002,48.04,21,10.119364509440821,0.9855779655283712,0,-63.013883006572726,280.0,0.0,1.314766719410835,0.0,0.9090909090909091,1.9930342572359914,0.0
20200407_sample_15,0.9630706487587911,73.8023929297924,0.8541854275505523,0.9577308826145696,0.1405024270703718,-35.62377020716667,0.6799999999999862,0.0,-14.090504497289658,0.0,0.002148582189298846,1.5812807881773414,1.2024152940547466,0.2905153181475058,199.05803616469106,33.16,18.680000000000003,24,12.753845285957109,8.115649628917751,1,-59.293035575002435,80.0,48.73800197973845,1.2694163358230628,0.4957600000000001,0.6,1.33070747861168,0.0
20200408_sample_17,1.2656680857626839,74.47387278079987,0.9366543681176402,0.9645831758261035,0.15205552922045304,-33.84337201714516,0.6000000000000172,0.0,-11.663943529129028,0.0,0.04868732182918742,1.2551928783382764,1.9084289137446073,1.0193309860341935,199.76263960357755,40.88,24.96000000000001,12,17.65510877124666,1.2355633421289554,0,-57.162163496017456,100.0,0.0,1.066981565103656,0.0,0.3333333333333333,1.3199101499332782,0.0
20200413_sample_2,0.6038810246562694,75.00355318188667,0.9485268181917053,0.9805969380045066,0.10350665639282,-32.149218022823334,0.7199999999999984,0.0,-7.635373622179031,0.14556962025316472,0.00010336231884057982,1.2869490060501299,1.0915000789511469,0.07212076631320592,32.389075271785245,126.56,67.52,31,8.568729144096208,0.4604831758190002,0,-62.74773267954588,380.0,0.0,1.1298180565285,0.0,0.9375,1.9360733668998877,0.0
20200410_sample_14,1.729206129396588,63.134703785181046,0.851420350082673,0.9563074546105677,0.20526450657030848,-21.36395499110222,0.8400000000000074,0.0,-9.598392993211746,0.7228441474055507,0.013686120730667389,0.8885542168674703,2.064717689980039,0.5878061254073469,93.83772482164204,61.36,40.52,16,14.904722505872696,0.7138419722077458,0,-50.366506818681955,160.0,0.0,1.0772720593041214,0.0,0.45454545454545453,1.9074291582799092,0.0
20200413_sample_19,2.2190346912807133,86.9535580277443,0.971126878857002,0.994513574264548,0.21443245568594843,-47.9794479906559,0.7600000000000107,0.7205083966255188,-2.198409289121628,0.5030303030303018,0.000687591662270478,1.2433653303218517,1.0422942391982322,0.23236723821046332,75.86330234738321,39.20000000000001,22.24000000000001,48,9.424486133829456,2.938461799105582,0,-60.93606400936842,60.0,36.34953299373416,1.3725063612530928,0.4803200000000001,0.8076923076923077,2.1345383061428476,0.0
20200406_sample_1,1.3280416583851684,72.6881604641676,0.9001334559664307,0.949199324207678,0.1588378737257779,-48.19314926862717,0.6799999999999862,2.261020243167877,-5.004260689020157,0.0,0.020191313959491062,1.3059936908517382,1.799062886182513,0.787911333239304,246.31432559713724,47.280000000000015,24.52,10,19.208513106884002,1.361052932138918,0,-63.100247994810346,27.999999999999996,0.0,1.0513923447733653,0.0,0.1111111111111111,1.5659079021200268,0.0
20200408_sample_23,1.6648160132955874,70.22175379097462,0.9531290495305571,0.9890787139423052,0.19177223498642088,-45.52123323082924,0.47999999999998044,0.0,-14.135826379060745,0.0,0.00021988368207469876,1.202185792349728,1.3814885320845995,0.17774868334336985,120.38753575334951,56.08000000000002,33.16,87,8.990498686160679,3.950769615461894,0,-75.76535543352365,137.83783783783784,50.86303248912114,1.284487546619071,0.50688,0.7916666666666666,1.1123409970709328,0.0
20200414_sample_9,2.7076879768019526,73.75602796673775,0.9326579296118409,0.9872537584492386,0.2643975643692758,-31.70216828584671,0.5199999999999927,0.0,-7.856212556362152,0.0,0.0006813047671879147,1.2206896551724116,1.1867765252555413,0.24910600317255036,156.10491868977746,94.08,39.31999999999999,55,12.05219531604218,12.987905588543512,4,-52.67045959755778,34.509803921568626,33.37573925256735,1.2847883989318474,0.3966,0.71875,1.2444413481916452,0.0
20200407_sample_7,3.2401143667201393,51.75378359854221,1.0020595046123657,0.9964006655309958,0.3050410723312838,-35.4156494140625,0.43999999999999595,4.848886281251907,-18.40849593281746,0.0,0.00010951969281783754,1.098945660989456,1.057409820344123,0.14186250682907006,126.18847786635158,111.16000000000001,63.16,102,11.971940534551061,3.5497513518075223,0,-65.77971047610045,86.66666666666669,46.867548879236104,1.2201375138159762,0.52144,0.7413793103448276,0.9222256768782787,0.0
20200410_sample_4,1.5966223635588863,64.25763852894306,0.8385044119373338,0.9338421295136445,0.18598717172200918,-35.03212332725525,0.6800000000000139,0.0,-9.624600410461426,0.256728778467908,0.0003760060383335193,1.520833333333333,1.2969573378722754,0.11863388058962589,53.21066714078199,55.60000000000001,45.280000000000015,23,10.025782218377799,1.1404276341176143,0,-64.88222719132901,280.0,0.0,1.1681252824742767,0.0,0.9166666666666666,1.6435967136142837,0.0
20200409_sample_17,5.714689074785374,73.44707101583481,0.8987946136448549,0.9076399919213198,0.3515919330327444,-36.712754517793655,0.6400000000000017,0.0,-9.29950550198555,0.0,0.04878167057587063,1.275510204081632,2.530073179903235,1.1252139094808398,271.1661035691699,62.48000000000001,32.44,10,19.221728107061008,16.302127017057416,4,-59.0128283277154,30.588235294117638,59.66305214762732,1.2716592697686333,0.5187200000000001,0.1111111111111111,1.4116133331449607,0.0
20200403_sample_7,2.2471093323870885,71.96534052491188,0.92938249934054,0.9762226466357031,0.22254358882764133,-39.286624640226364,0.6000000000000172,0.0,-5.6647323071956635,0.0,0.030282973975299582,1.5405405405405366,1.6423707105494383,1.0371853857410946,125.73141976259654,80.68,41.31999999999999,22,16.54546469461574,0.0,0,-65.8108644247055,153.6842105263158,0.0,1.0120906939587215,0.0,0.29411764705882354,1.4289212241481444,0.0
20200407_sample_21,1.8022154115434381,72.50737026333809,0.9589952114705267,0.9846836595838803,0.19900639504719872,-36.21838986873627,0.6000000000000172,0.0,-16.078833490610123,0.0,0.00022154270199111351,1.3804878048780473,1.1752075574045049,0.1484310897098549,143.12063225979614,38.239999999999995,24.320000000000007,60,11.357382989580833,2.009225871957888,0,-62.39092638120055,131.57894736842104,45.40579616129389,1.1762294482322508,0.5026800000000001,0.84375,1.2617140068061157,0.0
20200408_sample_27,1.7190807783701632,75.61468333005905,0.900071168684925,0.9832484250628785,0.19029081418885316,-43.31251233816147,0.6000000000000172,0.0,-9.653691202402115,0.0,0.0058443087784434515,1.0782608695652172,1.6604517587229057,0.4759625206654151,205.4880331754684,50.68,32.36,22,15.58188257564602,4.336438915554794,0,-70.24244466125964,100.0,56.862323460876866,1.2331998309222674,0.50116,0.5714285714285714,1.621575267704168,0.0
20200406_sample_6,1.8335275503593906,59.6243254840374,0.8584858993420825,0.9944597493168336,0.21789722265393985,-39.85575586557388,0.4400000000000098,0.0,-13.777781277894974,0.0,6.588686046005778e-05,1.31728045325779,1.0336924560405127,0.10904921569613114,104.91282773514587,11.92,9.279999999999996,108,5.2280401512481305,0.08790036603257079,0,-74.41446955502033,280.0,0.0,1.0167070290293931,0.0,0.8771929824561403,0.9636774548256121,0.0
20200409_sample_13,1.3826784389957016,71.51677832007408,0.9791212756652301,0.984094689748394,0.16826202779733762,-36.14446893334389,0.6799999999999862,0.0,-19.692767411470413,0.0,0.003906368026279767,1.2738853503184724,1.1379088308360232,0.40876316689492476,200.21056149568818,77.56000000000002,34.40000000000001,26,13.026698052530035,6.800837335850623,0,-61.775287388265134,60.0,52.01778185039782,1.2647422435927378,0.4948,0.5294117647058824,1.4457791185642552,0.0
20200413_sample_12,2.450881364773422,76.67769119143486,0.9735047740099323,0.9948709652717419,0.22591642910419713,-28.593759983778,0.9200000000000041,0.0,-5.682308226823807,0.4663536776212839,0.000971159164227863,2.18230563002681,1.375297556801886,0.2032497292397166,68.68661818901697,86.68,58.88000000000002,26,12.827077833347609,0.4231049422090223,0,-62.86546465009451,260.0,0.0,1.059623662102067,0.0,0.7857142857142857,2.726949526801106,0.0
20200413_sample_14,2.4185813647306116,76.05744153261185,0.9071700452425631,0.9943261548179977,0.21520247778856416,-31.90097212791443,0.9599999999999609,0.0,-11.36854663491249,0.39368061485909506,0.000986955095692163,2.4853273137697522,1.3179935146813075,0.2001171391280117,73.09937814871455,156.64000000000004,62.8,25,14.378227410240509,0.30613419247583806,0,-66.16032805293798,191.57894736842104,0.0,1.053633222895083,0.0,0.8461538461538461,2.704795409765893,0.0
20200403_sample_3,1.7554466411409282,71.06361165642738,0.9124711522107986,0.9359245479406011,0.1849178771018949,-42.66319051384926,0.5999999999999894,0.0,-7.257971912622452,0.0,0.1263716823626298,1.1909547738693458,1.915585237162556,1.444494906181186,199.75896093000966,58.68000000000001,33.72,10,16.66642353281615,0.6874959584425966,0,-68.56004273593425,100.0,0.0,1.0253775022844394,0.0,0.1111111111111111,1.4786735103756823,0.0
20200413_sample_13,3.2963383388508922,82.21007697284222,0.9359475887500559,0.9761592585792166,0.2530364883170872,-26.723148301243782,0.7199999999999984,0.0,-3.2015424221754074,0.3946666666666663,0.0011100876918911026,1.7364914877868252,1.3028991776400487,0.221011907331526,54.021170014249435,38.92000000000001,30.960000000000015,27,7.952847061318255,1.3104656676569277,0,-50.42552015632391,240.0,0.0,1.2487693396102506,0.0,0.8571428571428571,2.0094724897155465,0.0
20200407_sample_20,1.0829760564802342,73.55600595474243,0.9332383718907251,0.9746503729583704,0.1418633227138028,-38.121771067380905,0.6400000000000017,0.0,-10.300297290086746,0.0,0.006929714767119987,1.263358778625954,1.1807774190163665,0.41264417531752007,312.19619674328715,50.88000000000001,33.0,15,20.504186363758713,19.24513567855275,5,-58.64451448246837,40.0,62.63525469496872,1.2525862597272301,0.48656,0.6666666666666666,1.5844713365208822,0.0
20200410_sample_6,0.3781933718429974,81.7418210208416,0.9700619639221807,0.9889743000931589,0.0774416453047265,-37.996042519807816,0.7199999999999984,0.0,-3.836996853351593,0.6344339622641513,0.001337259955752211,1.054009819967267,1.0413806825370628,0.2150050771608193,53.114149291068344,115.4,80.72000000000001,21,12.103137671288057,0.2744452868446956,0,-60.49722593575716,212.85714285714283,0.0,1.070432840446619,0.0,0.9090909090909091,2.030863588509902,0.0
20200414_sample_24,1.1152728202591216,80.87413758039474,0.8242097187848652,0.9988789357893919,0.14038277990728512,-29.563728719949722,0.8400000000000074,0.0,-7.378485053777695,0.7634615384615383,0.00404855863165324,3.2465753424657477,2.376778081295358,0.3836863504424643,97.9981338804854,70.84000000000002,46.20000000000002,22,12.417142433509428,2.0735681066722336,0,-56.89441590830684,120.0,0.0,1.1651124388416125,0.0,0.5714285714285714,2.4481072557592247,0.0
20200413_sample_23,1.1278533296175726,86.97034418582916,1.0059494557253579,1.000404348286284,0.14062436184116126,-36.31545230746269,0.8799999999999919,0.0,-5.507223308086395,0.6646090534979424,0.0005052876867336938,2.007929515418503,1.4253652466695934,0.17902708704711517,52.466309827175834,99.72,59.92,39,9.044950272161293,1.0474651024810768,0,-60.85186169743538,180.0,0.0,1.1611870462543956,0.0,0.9,2.827339539688524,0.0
20200410_sample_10,1.353325225249098,73.7883448600769,0.8272813736941331,0.9937336208942298,0.16291284582563131,-22.51291647553444,0.8399999999999797,0.0,-7.253505289554596,0.6432432432432427,0.0017838982615346023,4.016320474777452,1.6952665777012375,0.2670510090276374,74.33700962364671,121.68,60.52000000000002,24,11.89421672136684,0.9568087647138697,0,-59.51037483736873,220.0,0.0,1.1089398030784559,0.0,0.7142857142857143,2.368147779035645,0.0
20200407_sample_13,2.5786467928970667,81.92192390561104,0.9252421051751281,0.9883556406614199,0.23539221965462565,-37.210818380117416,0.7199999999999984,0.0,-7.318850606679916,0.4570135746606329,0.007044382667582689,1.1364421416234884,1.219656590228116,0.5345379453599443,244.01932072142762,55.760000000000005,25.359999999999992,24,18.625989568493633,10.898868368101319,3,-49.59191674143076,20.0,45.71109681144344,1.2596485072757142,0.47916000000000003,0.5,1.7662406451775297,0.0
20200414_sample_5,2.9765109773176075,87.39715069532394,0.8485180761683516,0.99955128632122,0.2303034052186007,-29.05312553048134,0.8800000000000197,0.0,-4.375644028186798,0.7311320754716978,0.0014904841480702607,7.851851851851848,1.7441488080724141,0.2712015855098341,85.19622052709258,89.88000000000001,51.16000000000001,30,11.025160333750918,0.6599802824569423,0,-61.86909732073545,181.81818181818178,0.0,1.0688930772579344,0.0,0.8125,2.6245563700645875,0.0
20200414_sample_3,2.025944125023179,73.46860133111477,0.736852464524781,0.973248956104551,0.2055387063502107,-25.167139247059822,1.1199999999999821,0.0,-4.068957641720772,0.5366079703429103,0.00508232727272727,5.74561403508772,3.453408962560373,0.36571225648787664,77.85462263102326,134.20000000000002,67.08,12,12.566981069086884,0.9177574229505936,0,-60.19237969592214,180.0,0.0,1.1056667432437473,0.0,0.3333333333333333,2.9341937487354643,0.0
20200414_sample_7,6.117684061329379,75.83725079894066,0.866753963637077,0.9517458662719468,0.3811433986011965,-41.62907600402832,0.6400000000000017,0.0,-10.26802882552147,0.5557917109458024,0.11055693009755702,1.0909090909090913,2.2732600982049482,1.4927930962737646,287.28844398880995,122.32000000000001,38.48000000000001,11,25.262568316933994,2.2775932623882795,0,-60.56351397261024,25.833333333333353,53.171568813323596,1.1415495095917507,0.4534,0.1,1.4054201604797707,0.0
20200410_sample_28,0.36124024603888055,49.40275847911835,0.9467064579353754,0.9985970504951825,0.08343525024723088,-39.77517411112785,0.3999999999999976,0.0,-15.626128762960434,0.0,1.3276377267555064e-05,0.9478260869565238,2.394718532953636,0.06665980379696727,107.73839907099804,6.360000000000005,5.040000000000003,201,3.0125444888549935,0.6105977427000795,0,-74.6727825716138,300.0,0.0,1.0287481364489854,0.0,0.9047619047619048,0.7700088894242288,0.0
20200410_sample_30,1.5665006625700957,74.5006874203682,0.9717922902810952,0.9939468772186764,0.18085660444420676,-37.40408271551132,0.5600000000000049,0.0,-15.1713527739048,0.0,0.0002356702354857662,1.4271844660194164,1.1252810134034688,0.17301266158806936,101.73823205133277,55.68000000000001,30.76000000000001,77,7.556427666113989,4.114618706682506,0,-67.35843931883574,160.0,41.620024140029656,1.357572541599087,0.47292000000000006,0.7906976744186046,1.274431485423289,0.0
20200406_sample_15,2.384644763087037,73.50935786962509,0.9390978066746233,0.9793725596493713,0.23476955547300993,-39.89746421575546,0.6400000000000017,0.0,-14.463648200035095,0.0,0.001819921047777163,1.228070175438598,1.0707804911148178,0.30727896814824046,334.39342627674336,45.88,26.040000000000006,31,15.746422137937456,13.30040346765415,2,-61.563910422474144,31.46666666666666,57.37562481671577,1.1914762461245676,0.43644000000000005,0.631578947368421,1.1306128216046958,0.0
20200407_sample_3,2.1143899706813776,70.9967240691185,0.949078703855103,0.9844962089016704,0.2243287976742324,-36.50416433811188,0.6800000000000139,0.0,-15.184726566076279,0.0,0.0007342761087267529,1.212048192771084,1.084754032345235,0.22365646872888567,193.50841080397367,287.32,70.68000000000002,41,14.594539163138126,1.029660490367462,0,-65.25659464746713,55.29411764705882,0.0,1.0855508914962686,0.0,0.782608695652174,1.214918136076163,0.0
20200409_sample_3,1.433014902064997,68.13636235892773,0.9055928237709413,0.9801962766694285,0.18931104208603736,-28.953509405255318,0.5600000000000049,5.266845226287842,-11.837312951683998,0.0,0.0024138892531193733,1.5509554140127402,1.190809009018869,0.3383113493668141,153.8575263408323,67.84000000000002,40.31999999999999,28,16.944712466479444,2.3068004519069234,0,-53.10775745362044,87.42857142857142,44.6895553633572,1.1863917622681777,0.53544,0.6470588235294118,1.3036091953716138,0.0
20200409_sample_6,1.3819834725145224,73.25095683336258,0.9652023478249219,0.9878446233280599,0.1726446065441583,-32.22367540001869,0.5999999999999894,0.0,-15.2897909283638,0.0,0.0004060785507629089,1.3597359735973613,1.3371787712784982,0.1911938029880403,223.6500512622297,90.88000000000001,28.960000000000015,54,12.368503491482748,0.0,0,-52.57951417565346,80.0,0.0,1.0220236083819412,0.0,0.8275862068965517,1.1508408779529269,0.0
20200414_sample_21,2.998156390164815,81.96719735860825,0.9289115963754647,0.966343105698591,0.23618157954103214,-28.889577835798264,0.7199999999999984,0.0,-9.371872991323471,0.49898167006110006,0.0022928853581701157,1.8096166341780378,1.2229507903374603,0.2802012062851151,42.41081727213331,59.120000000000005,35.680000000000014,21,8.989890286009434,0.9676606987417884,0,-56.44549645334482,260.0,0.0,1.242034972543562,0.0,1.0,2.0878493347963976,0.0
20200414_sample_17,0.4545980254032819,79.33028414845467,0.9201575344293571,0.9734088102247772,0.08299804109317394,-22.59044349193573,0.8400000000000074,0.0,-7.710864767432213,0.34330590875093453,0.0017663428205883242,1.4659898477157356,1.182616527111955,0.20962347013818644,103.23527188173361,70.44,35.72,15,15.16823143768013,2.8481088052521883,0,-44.07401343509555,68.8888888888889,0.0,1.1841231289936927,0.0,0.6666666666666666,2.6214541530978885,0.0
20200406_sample_30,1.7681873888768307,69.86990757286549,0.9024022234415734,0.9869735443639286,0.2065162413040617,-44.641703367233276,0.5600000000000049,0.0,-9.917419403791428,0.6360622499863015,0.0028186777934130114,1.036764705882354,1.1677539178336294,0.3883017515655176,256.36371233810985,66.36,36.959999999999994,32,15.524100492457753,3.636314487854733,0,-67.38869997262955,40.0,0.0,1.0489310688725848,0.0,0.6842105263157895,1.276465758074113,0.0
20200403_sample_11,3.0551757610835644,77.68809422850609,0.9709977612236174,0.9846723063774135,0.24034023777875302,-32.509319484233856,0.8400000000000074,0.0,-15.965614467859268,0.0,0.0038015370008314788,1.1712328767123297,1.1265584659473926,0.3921396327493171,233.31565258119787,69.20000000000002,33.44,25,14.941979605800622,4.278294798479017,0,-61.34745706096291,80.0,57.728244300484626,1.2418043376218904,0.5262,0.6,2.037053492787453,0.0
20200407_sample_5,1.047646834320062,67.7558071911335,0.9654451915297269,0.9776208063268857,0.1452612027775579,-38.331858813762665,0.5200000000000204,0.0,-19.411075860261917,0.0,0.07697677284565407,1.0447999999999997,1.8889263060511712,2.2294913641959133,224.5789301159482,71.76000000000002,33.08,39,12.411087127567843,1.606112877044417,0,-61.48328244164586,56.470588235294116,0.0,1.0933861503283353,0.0,1.0526315789473684,1.0217110926714095,0.0
20200406_sample_28,1.412085975311333,56.68936297297478,0.9684630180421611,0.9951391635751033,0.1855595732163067,-38.080863654613495,0.5199999999999927,0.0,-16.155734658241272,0.0,0.0002900870350342582,1.108611326609775,1.0361470479912966,0.17195656851348368,156.54391735543808,57.600000000000016,28.240000000000016,62,10.742593386053874,3.582574847640281,0,-64.49316575974225,100.0,46.40783547833545,1.2368013400433258,0.4942000000000001,0.8484848484848485,1.0478427598605518,0.0
20200406_sample_31,2.0220129130585867,72.49701395630836,0.9513368177323306,0.9919661574344637,0.2228909657982346,-39.645180106163025,0.5200000000000204,0.0,-14.033626765012741,0.0,0.0007045211005118788,1.4385964912280689,1.1211574059568934,0.2539666976733927,152.65933616956076,81.68,43.800000000000004,55,13.181935442469817,4.411837462278385,0,-66.94571639597416,95.29411764705883,48.69888080313772,1.3279911602570984,0.4961600000000001,0.7741935483870968,1.2324961004922987,0.0
20200409_sample_8,0.7781374317740356,61.786290258169174,0.9870149057441326,0.9906639504209519,0.13413280142793216,-25.987576693296432,0.47999999999998044,0.0,-15.789393335580826,0.0,0.0009954685749394602,1.3632148377125202,1.0834067189037366,0.28160428625248274,136.93534713238472,69.36,46.280000000000015,47,14.089568153026612,3.718623227418405,0,-54.14663393348455,120.0,41.422729824781186,1.2535915247546878,0.51944,0.6785714285714286,0.9919243936817804,0.0
20200407_sample_9,3.746023933863788,73.14210385084152,0.9501577910127754,0.9725192293166565,0.29396239962057685,-34.7413532435894,0.6400000000000017,0.0,-15.387110412120819,0.5504587155963304,0.022268261365488023,1.1730279898218812,1.2551170210652647,0.8654659715260912,233.0708083473146,79.52000000000001,34.320000000000014,18,18.461223147153774,3.337756868587171,0,-59.05939591154456,46.25,53.43212864056262,1.2293225916683492,0.5039600000000001,0.2857142857142857,1.6373786927871166,0.0
20200414_sample_26,0.7480295536479753,77.68478244543076,0.8819163798430336,0.9710250389953381,0.10856853945016107,-27.770813554525375,0.7599999999999829,1.1288374662399292,-12.003406882286072,0.17637551823483966,0.03352708986592213,1.351388888888889,1.247442788695849,0.8819997352613332,162.12129964803654,26.919999999999998,21.12,12,10.734990090648381,1.6218226330320533,0,-61.87169795483351,160.0,0.0,1.084815574932369,0.0,0.2,2.276182248488968,0.0
20200406_sample_3,4.087704719610618,77.47306302189827,0.9184081599759834,0.9819213903354007,0.3348016020329704,-44.168662279844284,0.6799999999999862,0.0,-8.320346474647522,0.0,0.0021984565590018094,1.3660130718954235,1.1812787573691637,0.3326491294123998,268.51380227754515,120.64000000000003,49.000000000000014,30,15.143072098586508,18.365974332832124,5,-65.67602403163909,2.222222222222228,42.31204814985396,1.1470897253368741,0.36632000000000003,0.5789473684210527,1.5500139014258163,0.0
20200407_sample_23,1.1641611157409604,69.69190388917923,0.944235780192655,0.9850350625602196,0.15439748719204502,-37.20087185502052,0.5199999999999927,0.0,-9.661819785833359,0.12160733168840279,0.012911943399616495,1.2921615201900232,1.1374804550032236,0.7092050820722189,185.04380317032337,119.52000000000001,42.24,24,13.9788848571362,0.5809267959294431,0,-61.791219756007195,68.71794871794873,0.0,1.0457519421109238,0.0,0.6,1.332746804100709,0.0
20200410_sample_7,0.6312321859921481,60.67345291376114,0.9459984152684382,0.9796661849639751,0.11469296307117041,-33.28000009059906,0.43999999999999595,0.0,-17.73296669125557,0.0,0.00018667004020128832,1.061728395061728,1.1109461778076635,0.17338290925170477,174.67318646113085,22.92000000000001,17.759999999999998,72,9.56838593799416,4.221339121777291,0,-67.9430505156517,134.2028985507246,49.81812055900684,1.1873582467896275,0.49984,0.4117647058823529,0.9188847736844624,0.0
20200407_sample_18,0.851612249068979,61.777474358677864,0.9535343911202849,0.9927509482907106,0.13524457233136797,-28.733404353260994,0.47999999999998044,0.0,-24.152973666787148,0.0,0.0001035744138190891,1.0950323974082072,1.03724711830615,0.11071468530472928,195.90166797737282,98.84000000000002,34.20000000000001,76,14.448037269718446,5.0403078687826195,0,-55.687253159284595,51.875,48.930981064141086,1.2678803001300347,0.52424,0.868421052631579,0.9319530235841366,5.0
20200409_sample_15,2.5888973262878543,82.83832669258118,0.9479566993761138,0.9807936956090334,0.22639648807616608,-28.851673007011414,0.6000000000000172,0.0,-14.764539897441864,0.0,0.0003180699784541624,1.5303514376996825,1.1602260932650341,0.18201054023346538,214.56912085165584,141.76000000000002,58.35999999999999,63,15.417571832128662,1.33892773356866,0,-61.57257348150014,72.22222222222223,0.0,1.0478072395161864,0.0,0.7714285714285715,1.481739091355732,0.0
20200409_sample_4,2.191205456564146,73.96691665053368,0.922863692949542,0.9824145603371961,0.2117017590147093,-35.166334360837936,0.5999999999999894,0.0,-10.743021965026855,0.0,0.019741014302119223,1.1973684210526303,1.5629885005949105,1.0766781716296718,179.21802361185357,47.360000000000014,20.119999999999997,31,11.770349271287634,5.070702982372552,0,-53.469423084706065,60.0,45.54073710128655,1.2968983480646958,0.51372,0.36363636363636365,1.3002517123500845,0.0
20200407_sample_2,7.192959635060975,80.41785284876823,0.932210593964604,0.9808617315697579,0.4342729652350356,-37.54034265875816,0.7600000000000107,0.0,-11.361956596374512,0.0,0.004708825172131547,1.2638522427440617,1.190951782237501,0.45172044234202907,241.1358330560227,107.04000000000002,51.44000000000001,25,18.808764569297615,8.095501352944005,0,-61.096893303841355,20.83333333333333,51.747427406012996,1.2428074439430559,0.4902,0.5625,1.5990346764415144,0.0
20200408_sample_12,2.1840034550461946,69.77323070168495,0.9293445998160925,0.9750563904393085,0.22346246713655402,-35.45153886079788,0.6000000000000172,0.0,-9.484704583883286,0.0,0.015036188621717142,1.1836065573770496,1.2187503026836528,0.7217813752127078,261.1198012717068,46.360000000000014,31.560000000000006,21,18.828200438998486,12.62518142251026,3,-57.06196578145027,46.66666666666666,44.56414023935773,1.0949449412496433,0.40324,0.4,1.2954541982565195,0.0
20200408_sample_1,2.000350105582469,68.96963901817799,0.9064753558985487,0.9402465346149024,0.20133379110006888,-43.26639696955681,0.5999999999999894,0.0,-11.349368840456009,0.0,0.3111785333847352,1.4480286738351258,2.8952705173989486,2.1824895800038364,229.63141978997731,61.680000000000014,26.400000000000006,10,16.790374321972998,13.722796756624106,4,-62.06023698225617,26.666666666666664,42.24078703612068,1.1079661808922256,0.38996000000000003,0.1111111111111111,1.4712854915986917,0.0
20200407_sample_8,0.6181021329560537,71.51989452540874,0.9452528098697259,0.9860904776490654,0.11298053805667027,-25.69725178182125,0.5999999999999894,0.0,-20.789390429854393,0.0,0.0001417755134788188,1.290836653386455,1.1403069547456424,0.12379841273027224,188.1070722366373,100.84000000000002,44.39999999999999,65,10.770434645499996,2.0831581763746243,0,-57.78702683001757,80.0,0.0,1.1021574970460042,0.0,0.9117647058823529,1.1015343375092466,0.0
20200414_sample_6,0.2589641878025764,70.07029745727777,0.9935327899244448,0.9742234110177088,0.0652822710023959,-13.62950075417757,0.9200000000000041,0.0,-13.617214746773243,0.1433189655172415,0.001035430441006067,1.2415856394913984,1.3050506820940435,0.17319090072528168,58.724268150205404,105.28000000000002,62.0,18,12.520715586813905,0.2897740983544068,0,-48.01054944992065,400.0,0.0,1.0515360132937284,0.0,0.8,2.3778896999986614,0.0
20200409_sample_12,2.6502717922320165,71.71980291604996,0.9612635131431235,0.9916768927712828,0.2559774554138081,-38.67559880018234,0.5999999999999894,0.0,-14.818519353866577,0.0,0.0006067312602291298,1.1373390557939917,1.0693246868363198,0.23651588018864425,498.0256362259388,31.72,17.04,53,16.44663281703127,4.118352504293981,0,-60.160614784061906,20.740740740740737,51.05763878867035,1.1629712600632365,0.46116,0.7096774193548387,0.9830017308873856,0.0
20200403_sample_12,1.289203013017576,71.17689214646816,0.9204459087957152,0.9784518046198958,0.17082009770938816,-29.37616966664791,0.6000000000000172,0.0,-9.298497810959816,0.5548281505728313,0.00251118349536439,1.5187353629976579,1.1721202241539035,0.34149033859382066,204.37037841372546,141.12000000000003,54.68000000000001,27,16.50681993012363,3.4276265777411012,0,-57.542425269633526,76.84210526315792,44.714769535363345,1.149970044260383,0.44852000000000003,0.6875,1.5515031929309353,0.0
20200414_sample_16,0.28558191551720924,72.94580712914467,0.915032630864997,0.987890396701766,0.0668277355096627,-22.551625967025757,0.8800000000000197,0.0,-6.532780826091766,0.6795005202913632,0.002850632193494579,1.7069182389937116,1.1499324844242966,0.2725749945341509,88.18386641020572,70.04000000000002,46.44000000000001,16,14.477340011672686,1.2761995979605416,0,-53.22872760817408,165.0,0.0,1.1496164960069617,0.0,0.7777777777777778,2.355808438158741,0.0
20200408_sample_16,0.5916011281754121,64.5524449646473,0.9500678424955444,0.9785795128319666,0.1103712828960569,-34.60726514458656,0.5600000000000049,0.0,-13.845507055521011,0.0,0.00409794498814894,0.994296577946769,1.200764739917799,0.45372092123141156,119.85924166565144,83.52000000000001,50.24000000000001,30,10.911715494519662,4.600795451426279,0,-60.9603857204318,77.94871794871794,40.81496661573675,1.4323830174897725,0.4854400000000001,0.5,1.2014727762924589,0.0
20200408_sample_15,1.5286634917252284,45.47846131026745,1.0225769497375694,1.0030318732405281,0.20955227440175048,-26.28888376057148,0.43999999999999595,0.0,-20.994117483496666,0.0,1.1244132067495575e-05,0.8905109489051113,1.1333139953977436,0.05665322914966606,88.49299496305841,255.12,77.60000000000001,171,5.207368211631183,0.7369593515745692,0,-58.8603424295783,236.66666666666666,0.0,1.0692274365541368,0.0,0.9318181818181818,0.8147891523731177,0.0
20200413_sample_17,4.590373911551774,78.95829901099205,0.9489100488091636,0.9726504238924149,0.3388005459056732,-36.61628067493439,0.8400000000000074,0.0,-5.346342921257019,0.5831435079726648,0.0013761413711538403,1.4241676942046853,1.1904376786357644,0.22066737511428955,42.777272597886665,100.68000000000002,58.08000000000002,22,10.401968498115329,1.2364088973046847,0,-54.154408836364745,92.72727272727272,0.0,1.1985480525242171,0.0,0.9090909090909091,2.0128163859108286,0.0
20200414_sample_25,1.0419662075253764,79.4721208512783,0.962560811189202,0.9811532562091732,0.13223461474707462,-25.7657952606678,0.8400000000000074,0.0,-10.37084311246872,0.4013333333333332,0.0030489035591274383,2.4560606060606047,1.6991680185401845,0.2958235677098987,42.55075385409688,56.96000000000001,42.800000000000004,17,11.15652351246772,0.24203287940696327,0,-53.847816818952566,261.8181818181818,0.0,1.0920409355221,0.0,0.5454545454545454,2.604314459602901,0.0
20200413_sample_11,1.0013823284916168,78.94215174019337,0.7825385920393616,0.9947178552451463,0.1358865002559914,-30.41183389723301,0.9600000000000164,0.0,-5.598695948719978,0.6208695652173911,0.0023068536535996256,2.4448275862068987,1.6224824852111286,0.27896920863135183,98.14179635917148,119.80000000000001,65.52,21,14.008348823531305,1.2732738534731425,0,-64.96070345938206,122.5,0.0,1.1149403297562748,0.0,0.75,2.9440849329065477,0.0
20200409_sample_14,3.3961863699040986,73.42071644961834,0.9371409352907668,0.9819703590867342,0.27723454705862927,-31.209243461489677,0.5999999999999894,0.0,-17.054637894034386,0.0,0.0036939344997756847,1.0916030534351133,1.120855304076774,0.4317832810631241,286.50430378637145,23.84,12.24,31,11.563176022835865,11.881213592750427,3,-50.35968701094389,40.0,47.3124636439977,1.2133672290687432,0.43000000000000005,0.5789473684210527,1.3522493613739153,0.0
20200406_sample_25,2.6385759360104037,67.03432649374008,0.9251607390650819,0.9873803795413105,0.24425226330846728,-32.38465636968613,0.5199999999999927,0.0,-24.88354593515396,0.0,0.00014973343803267378,1.4113475177304964,1.0862727599848256,0.13253272305787536,186.9779246697824,96.96000000000002,43.32,71,12.60839904413021,6.11287358857912,0,-68.0165775075555,76.92307692307689,39.391204976588526,1.2361054974136207,0.38232000000000005,0.8918918918918919,1.0232924867905884,0.0
20200410_sample_17,0.9400618226686044,75.70021227002144,0.8585552071981939,0.9730915467548846,0.13273834457227443,-42.39119589328766,0.6400000000000017,0.0,-8.173149079084396,0.07478167304756919,0.049162240301261775,1.1523809523809492,1.876085032266839,1.2164032480971025,164.5805866494775,84.04,36.36000000000001,18,8.767543423959633,6.1515460992708455,0,-74.99837199598551,98.2608695652174,46.48022652119396,1.2761733419721861,0.43628000000000006,0.2857142857142857,1.5024284239284973,0.0
20200409_sample_7,2.4172681870517687,71.90430536866188,0.9557529271242071,0.9899938945147675,0.22535796261041227,-39.13680464029312,0.4800000000000082,0.0,-16.102593392133713,0.0,0.0005497835032663783,1.589171974522295,1.142820939315565,0.22532005696774002,164.7160315314928,45.11999999999999,28.359999999999996,56,11.764959185977654,3.9543376856810184,0,-63.64009144306183,80.0,46.26846047163047,1.2422125149373346,0.48312,0.7741935483870968,1.1118099325050872,0.0
20200413_sample_18,1.6670006332037133,88.910648599267,0.9192145399809061,0.996649869583479,0.17721596923473826,-27.75893546640873,0.7600000000000107,0.0,-6.643852218985558,0.6569250317662007,0.0007239358285750587,0.8235294117647104,1.0777504108621097,0.21474089990782266,41.666794253720155,68.96000000000002,43.36000000000001,39,9.55743468806969,1.418547819578258,0,-44.77523633167148,160.0,0.0,1.3330212986553889,0.0,0.9,2.103269208173419,0.0
20200413_sample_15,0.6326293722675678,79.3845672160387,0.9095210234174144,0.979402190507625,0.1047445247350966,-30.78870289027691,0.9200000000000041,0.0,-6.657419726252556,0.6006314127861089,0.002607769639142893,3.5395799676898214,1.7763752122241088,0.31704666772410933,71.73003046462932,76.64000000000001,54.120000000000005,20,14.356295444874979,0.8446403390631758,0,-65.16673325300216,232.72727272727275,0.0,1.1092025952697628,0.0,0.42857142857142855,2.8005027466160737,0.0
20200413_sample_5,0.920123329222832,92.76502206921577,0.869773712531928,0.9904705829566264,0.12169924309003385,-41.77079349756241,0.8399999999999797,0.0,-2.573825418949127,0.0,0.009352363265593132,1.5234657039711175,1.1661398187779284,0.5734302740705526,184.4294499270618,68.40000000000002,23.400000000000006,21,10.637140217705626,5.924757407205,0,-54.78428891077638,20.0,46.11701126635029,1.271607127906932,0.5186000000000001,0.6153846153846154,2.4908339869244585,0.0
20200408_sample_26,1.4918561373528807,71.49245962500572,0.9331093897376261,0.9886793009016733,0.19109561806272293,-34.2860221862793,0.5599999999999772,0.0,-12.915998697280884,0.4986124374027708,0.002615453778621078,1.1377952755905496,1.1711876516748863,0.39685312074131385,162.48247313251102,86.64000000000003,48.12,36,16.821847381367924,4.8558382464638825,0,-60.42688130140304,73.57142857142856,50.21083781421173,1.3468922419541316,0.54056,0.6363636363636364,1.3573757618450712,0.0
20200414_sample_2,1.8239743486651994,74.94962401688099,0.9633582947166744,0.9961716964374179,0.1814153183725565,-18.469231203198433,1.0000000000000009,0.0,-5.325755104422569,0.6843177189409372,0.001119709068335834,1.2840800762631077,1.0890567897174612,0.22123497816295556,76.4924228223307,68.96000000000002,33.680000000000014,27,12.127301057520864,0.8167433143691483,0,-53.82445691004395,276.1904761904762,0.0,1.0680344969294366,0.0,0.8571428571428571,2.7514321516010964,0.0
20200414_sample_18,0.5982654540055973,79.32336255908012,0.8102223838056256,0.9999380068501893,0.10132309110174573,-35.16470268368721,0.8399999999999797,0.0,-4.129618406295776,0.616,0.0030766459933909626,3.0122699386503062,3.2706725336311906,0.3297257418728807,58.097090242164455,117.92000000000003,63.48000000000001,22,15.929779544273186,2.4403380274923663,0,-62.877265335619455,147.69230769230768,0.0,1.3284952145668043,0.0,0.6923076923076923,2.5272247196751434,0.0
20200403_sample_4,1.566634098734597,52.800169214606285,0.9524558948118098,0.99348940561966,0.19971213082540856,-36.27200424671173,0.4400000000000098,0.0,-21.299943327903748,0.0,4.950847148843112e-05,1.0720720720720722,1.1908127208480586,0.09047247278733818,157.58540053665632,16.36,10.200000000000001,100,5.960970636127679,0.4012719143578636,0,-70.93029907941818,180.0,0.0,1.0842337405452847,0.0,0.9038461538461539,0.9272619732508248,0.0
20200410_sample_29,0.8295597898048015,71.35138101875782,0.9023321339978534,0.9832607931941362,0.12882900922315593,-40.23605212569237,0.5600000000000049,3.3454373478889465,-3.9499104022979736,0.6400862068965513,0.010151042024590285,1.3214285714285736,1.1931176806544759,0.5849460335523557,195.41703546295565,56.2,24.96000000000001,20,11.479731383033714,2.906277915071449,0,-63.75284824669362,80.0,0.0,1.0991672114719828,0.0,0.6666666666666666,1.3573676771082683,0.0
20200406_sample_24,1.665548323035622,73.99798557162285,0.9028508237029349,0.9921656868655429,0.20062312701732257,-39.90347683429718,0.5600000000000049,0.0,-8.486408740282059,0.7245179063360879,0.0032390393750996375,1.0137931034482752,1.2026700158982386,0.4318912424604179,196.5462479665875,79.96000000000001,39.76000000000002,35,13.616938299825136,1.544792844016861,0,-62.50621420070529,60.0,0.0,1.0569335726432219,0.0,0.5909090909090909,1.3919915872817479,0.0
20200409_sample_18,3.2855933993589095,79.9776166677475,0.9492758916137266,0.9924548958006321,0.27339340514376637,-35.795629024505615,0.5600000000000049,0.0,-18.111422657966614,0.0,0.0004234670149353693,1.2403846153846174,1.0900674369361765,0.20625808230834858,162.91027774785957,47.16000000000001,20.52000000000001,61,8.548819229568805,9.792564748629111,3,-58.72405352294445,53.10344827586207,34.554609537720616,1.3078516542578098,0.37408,0.7647058823529411,1.2145616965025252,0.0
20200413_sample_20,1.2389931761553727,77.06911675632,0.990803328435015,0.9964568899455037,0.14988912111770142,-28.574394062161446,0.9200000000000041,0.0,-8.589694276452065,0.24908424908424914,0.0007562423511545853,1.343115124153499,1.0659712473761627,0.17435499915532576,114.66563061003883,66.32000000000002,39.800000000000004,25,9.587729843013413,0.4827673665724106,0,-51.854965700954196,100.0,0.0,1.0271491002291915,0.0,0.7857142857142857,2.6876293712176196,0.0
20200407_sample_11,1.8133400227394303,54.03625499457121,0.9270468023246508,0.9953529436296658,0.20889218813486413,-42.19702631235123,0.43999999999999595,0.0,-18.00006255507469,0.0,0.00020316547970975683,0.8179012345679016,1.0160049108494034,0.20899703141938117,195.01219244301322,81.52000000000001,33.0,129,11.834106133217169,5.505602156718069,0,-61.260423274338244,21.639344262295086,44.4470674699547,1.2595423181871084,0.46220000000000006,0.8823529411764706,0.8850506086483627,0.0
20200408_sample_9,6.708891415186557,65.54845720529556,0.9450121230573839,0.9829465106583165,0.4802531165713207,-37.35261783003807,0.6400000000000017,0.0,-4.7759078443050385,0.493668972234512,0.005805057833002113,1.188524590163937,1.33727182124839,0.4692298629035425,243.42899010768014,69.72,30.0,23,21.0035160080235,22.127727499385227,10,-51.880846517533065,20.0,50.174258130937936,1.0924200257654844,0.5004000000000001,0.5333333333333333,1.4779727679575514,0.0
20200406_sample_32,4.313288318288035,77.91076600551605,0.950095501181874,0.9856071741162358,0.33733391725752,-41.45660623908043,0.7199999999999984,0.0,-9.004306048154831,0.0,0.001621165311288841,1.248995983935741,1.0872065791653656,0.2858626471205947,174.08876118312278,35.44,22.8,31,13.285885461899582,7.995676179957563,3,-54.83585859537125,40.0,25.029543523043316,1.3711699257993661,0.27916,0.6666666666666666,1.5781526201274854,0.0
20200406_sample_11,1.3293544414170706,59.86232869327068,0.9532549253091765,0.9934488422791347,0.1731775652554589,-37.16957941651344,0.4800000000000082,0.0,-22.896859794855118,0.0,6.642442833674627e-05,0.966666666666668,1.0379619131982372,0.09778686638276357,168.8272036015987,40.36000000000001,24.440000000000005,87,8.19537004032591,0.5844168555437648,0,-71.94144456237555,99.35483870967741,0.0,1.0764102027346842,0.0,0.9111111111111111,0.9824708711716799,0.0
20200408_sample_7,1.4683771912089874,53.581034764647484,1.0032213266039305,0.9981768364062604,0.18940189956820408,-26.892676949501038,0.43999999999999595,0.0,-19.07145231962204,0.0,0.0001863780446585513,0.9868913857677889,1.0422962668592826,0.16856212847040478,125.83033765852456,128.72,81.72000000000001,92,9.326096862007798,1.2378342745303499,0,-63.151089029014116,144.6153846153846,0.0,1.079278787934757,0.0,0.8571428571428571,0.9257224930130632,0.0
20200407_sample_26,1.0204328506340858,71.0347518324852,0.9534768753465352,0.9874712844339618,0.14420380462563126,-34.015145152807236,0.4800000000000082,0.0,-17.494194209575653,0.0,0.0005382174058534327,1.3933747412008304,1.0863706601119303,0.2205564806806761,143.49266393855208,42.280000000000015,28.560000000000002,54,11.20646989367112,4.101640123115374,0,-62.2882400803268,120.0,45.14138597592671,1.274005931791954,0.50068,0.8,1.1927073725494077,0.0
20200414_sample_22,2.158287453469863,72.87389785051346,0.9379095164986139,0.9904775334279016,0.21832675748464808,-41.61380231380463,0.5600000000000049,0.0,-9.985394775867462,0.7443003644376638,0.005854369788409432,0.9937888198757788,1.4210667646132653,0.6330005574540651,258.4273713454605,94.64,32.72,42,17.04676830889948,20.487224316945053,8,-58.893701834976675,2.727272727272755,53.54207906365366,1.1200037457853846,0.49576000000000003,0.7083333333333334,1.1851994182353134,0.0
20200410_sample_11,0.7022611426902997,69.51356306672096,0.847232256925712,0.982946442725913,0.14471241232633722,-26.43633261322975,0.7999999999999952,0.0,-6.546616554260254,0.6620076238881827,0.0013567283780049743,2.8069565217391315,1.3700019792615288,0.2270405927918287,87.73796106999114,62.44,40.03999999999999,23,8.357037543327099,0.7048450444242391,0,-57.88357409983874,191.30434782608694,0.0,1.128789753684326,0.0,0.7692307692307693,1.9750202061082807,0.0
20200414_sample_19,0.7942573794160008,80.60687780380249,0.9593119830869394,0.9773070463327782,0.1143598472451669,-27.869336307048798,1.0000000000000009,0.0,-9.89745557308197,0.5156794425087108,0.012305083281498366,1.8581035642232688,1.6054203144845975,0.5051073030052222,58.59605399353636,188.40000000000003,94.08,13,17.15613023535935,2.224362874917823,0,-52.134444545209405,65.0,0.0,1.1991876892987294,0.0,0.4444444444444444,2.9453205164229073,0.0
20200413_sample_22,2.4992342159622876,78.46206799149513,0.9396909304933151,0.9753188068605145,0.2344498858553843,-28.072185814380646,0.8800000000000197,0.0,-3.275156021118164,0.19492868462757507,0.0004911525945966251,1.5369085173501584,1.1248723333110013,0.12226546777668428,51.45040655153848,105.92000000000002,69.88,19,12.879254373293996,0.9326317881350974,0,-55.107022158056495,144.0,0.0,1.1514501125095817,0.0,0.9,2.436522334713077,0.0
20200413_sample_4,7.409537916965141,68.27575340867043,0.910306957502355,0.9407198990426296,0.4317846851685197,-31.82469680905342,0.7599999999999829,0.0,-7.350556552410126,0.14561664190193166,0.0007238316899013932,1.5535714285714284,1.8826881654239376,0.14908886771809388,40.44535107745064,66.96000000000002,56.760000000000005,18,9.349332078775031,0.2927563866414076,0,-63.06882808953524,380.0,0.0,1.1125833958293188,0.0,0.8888888888888888,1.945051733598346,0.0
20200406_sample_13,1.4030958705927583,58.91304090619087,0.9565719699171664,0.9978518693222171,0.17957840271867703,-39.77565094828606,0.43999999999999595,0.0,-19.73293349146843,0.0,0.00010402657849207202,1.1338582677165354,1.0246990626158143,0.12742468071782917,160.28246337175366,12.400000000000007,9.120000000000003,90,5.8140606927032605,0.0,0,-70.46373198777437,167.58620689655174,0.0,1.0334663963187178,0.0,0.78,0.9744111136924423,0.0
20200413_sample_6,1.2126220049080219,82.98511430621147,0.9668985474899758,0.9966730438146163,0.14560886655435903,-33.10000151395798,0.9199999999999764,0.0,-9.821336716413498,0.0,0.0005919258799044713,1.0632258064516125,1.0508616423617285,0.17146317584465934,72.40141655717574,39.720000000000006,19.960000000000004,30,6.959397020894891,0.5819661720100626,0,-62.475247354060414,260.7407407407407,0.0,1.0718884392644021,0.0,0.8125,2.690266553089684,0.0
20200410_sample_22,1.5248610079975622,63.91826644539833,0.8822209095161029,0.9643031646685477,0.1850902881472439,-39.14189338684082,0.5199999999999927,0.0,-10.349016636610031,0.0,0.14885623493090266,1.3908045977011538,1.6375968992248056,2.2220754993009324,193.55275735684808,51.360000000000014,32.40000000000001,20,9.475538536681947,0.6501340249445491,0,-76.04191107153892,62.01834862385322,0.0,1.012727234366337,0.0,0.6666666666666666,1.189986909143282,0.0
20200408_sample_20,0.7787297340896301,60.03166735172272,0.8906591962203904,0.9481486957383587,0.1278077814697683,-36.801788955926895,0.5200000000000204,0.0,-16.371004283428192,0.0,0.0012541567695962023,1.4330708661417324,1.2623125485330688,0.27290083831534606,148.02203117310992,75.88000000000001,32.44,14,12.576273302767078,3.8512807004982363,0,-71.5231321528554,130.0,46.162257989793844,1.2100574813709581,0.46196000000000004,0.0,1.0803671002271582,0.0
20200403_sample_14,2.0541633131082015,86.03634685277939,0.9354587892982925,0.9835758626717308,0.20492450770647191,-52.12443321943283,0.7199999999999984,0.0,2.3775510489940643,0.0,0.008421652092672777,1.4833333333333318,1.2887300331575922,0.6250776383177947,138.69550589472058,134.0,84.56,28,18.96366013963843,0.0,0,-70.04534085392953,100.0,0.0,1.0163636084353431,0.0,0.47368421052631576,1.8222334635788937,0.0
20200414_sample_27,0.9421650669581356,75.05955919623375,0.9332635111343375,0.9890816721517588,0.13754330764659434,-36.47406026721001,0.5600000000000049,0.0,-12.083210051059723,0.0,0.0010027019485586285,1.3095890410958901,1.063155809108274,0.2551066006240325,173.0902640633285,378.36,23.28000000000001,39,13.802212043466131,4.756744199413404,1,-48.48472024425864,18.0327868852459,42.3802676373718,1.2962182732850096,0.5182800000000001,0.7727272727272727,1.1683224914423793,0.0
20200410_sample_15,0.3645879538739393,64.37426432967186,0.8197148365310984,0.9582487187517952,0.08094204041105954,-33.34880247712135,0.7999999999999952,0.0,-11.7870531976223,0.0,0.0047513690114783,3.5688888888888854,2.4594133111941314,0.4102239176604216,107.43546962241336,43.75999999999999,32.600000000000016,8,13.299720688773553,1.5960622921502505,0,-73.41141606271268,260.0,0.0,1.1196204627775916,0.0,0.0,2.000529476763923,0.0
20200406_sample_29,1.4035721931720273,77.83913612365723,0.9053178153452903,0.9873928139269287,0.17619692142496526,-42.00664162635803,0.6000000000000172,0.0,-12.692779302597046,0.0,0.002431800232288035,1.1481481481481455,1.1159340235283213,0.3757918648461604,176.88780125124111,81.47999999999999,37.959999999999994,35,15.627571750871393,5.093728413902852,0,-62.57195453792811,53.9622641509434,41.50184239238519,1.264554650508403,0.41028,0.5909090909090909,1.421255303874727,0.0
20200410_sample_5,0.6136090270180441,78.4946009516716,0.9058811152184509,0.9969433061592166,0.10438838370243703,-32.29953721165657,0.8799999999999919,0.0,-6.511028856039047,0.5483146067415734,0.0009348301508377555,7.033542976939209,2.4184098503912006,0.20311927893494086,96.50243628149231,152.96,70.96,27,16.968347945064075,0.21723772710117828,0,-61.310821192711586,115.0,0.0,1.0880960694954405,0.0,0.8,2.631934385993569,0.0
20200407_sample_22,0.6944116654185913,73.56185466051102,0.9329691575897601,0.9821380060664521,0.11262935318811507,-39.22593221068382,0.5199999999999927,5.919110029935837,-11.385001242160797,0.0,0.0295313500463385,1.2258064516129032,1.3937096125864787,0.9651205811161347,196.71688537547993,63.76000000000001,36.84000000000001,19,16.629220455382693,0.3964205905616254,0,-63.01427341550588,65.33333333333334,0.0,1.0422082534194674,0.0,0.46153846153846156,1.3437531644657736,0.0
20200409_sample_2,1.246336460691755,60.49402989447117,0.948973027385493,0.9913492863038145,0.17588497240852416,-31.2768816947937,0.5200000000000204,0.0,-16.930922865867615,0.0,0.00023656535771920332,0.9274611398963725,1.0146104405843897,0.15953312657364588,238.49236596872413,92.52000000000002,38.67999999999999,65,12.990416063335498,3.5945486923636523,0,-54.513445767760274,29.50000000000001,47.81392896220069,1.1724531349875695,0.49560000000000004,0.8055555555555556,1.042810384019609,0.0
20200407_sample_12,1.4648056872124546,48.0758436024189,0.9712663238909657,0.9978177028374279,0.19048864134206173,-27.910204604268074,0.4800000000000082,0.0,-24.478303268551826,0.0,4.0873949579832876e-05,1.0541125541125527,1.0157220610729556,0.09041454482530217,145.57235852132243,78.44000000000001,41.67999999999999,120,4.576928550893451,0.5667596056830888,0,-70.2722228437662,140.0,0.0,1.0646126543083014,0.0,0.9193548387096774,0.8624401921294971,0.0
20200414_sample_23,0.5902082075371238,78.97099480032921,0.9371972595710923,0.9662588854531461,0.09540264146307684,-32.63529762625694,0.8799999999999919,0.0,-7.9259611666202545,0.3156146179401994,0.08378834159779618,1.6801619433198374,2.126947929506286,1.0742948330879174,46.15824791410617,37.40000000000002,32.36,9,9.266013534490309,0.9717286401524419,0,-62.137347743660214,320.0,0.0,1.136463321995244,0.0,0.2857142857142857,2.5818034568417376,0.0
20200408_sample_25,1.492487832889416,48.88429120182991,0.9384961555287854,0.9990915059003038,0.19239181096853822,-22.24859409034252,0.40000000000001146,0.0,-19.871389493346214,0.0,0.00014396623738903322,1.0706521739130463,1.0122302476735254,0.18677382626984704,110.86909227445719,14.32,11.160000000000004,145,4.562731496016514,1.4712262567574896,0,-59.138426294177776,240.0,0.0,1.0791873830741627,0.0,0.8947368421052632,0.8406264499354366,0.0
20200406_sample_7,2.5939174893325436,57.547351345419884,0.9952953974381822,0.9952746685168801,0.2657401889730184,-37.7490408718586,0.4800000000000082,0.0,-14.86806571483612,0.0,8.807592303692058e-05,0.9655172413793099,1.0839919485453113,0.11721942505192554,110.44799411722595,111.32000000000001,79.00000000000001,85,10.810705533456288,1.0573496423051552,0,-71.60482745617628,220.0,0.0,1.0808605676272993,0.0,0.75,0.9706336087714699,0.0
20200407_sample_14,1.1642282526405319,57.15716443955898,0.9664287300910723,0.9974010345544253,0.16258790120322922,-30.326208099722862,0.43999999999999595,0.0,-23.436972871422768,0.0,1.3867397212418525e-05,0.9961538461538463,1.0086625290874836,0.0490715458630557,154.48544428497553,48.68,22.080000000000002,105,7.378436378365702,1.3694813031431963,0,-59.79401192218066,95.16129032258064,0.0,1.084838973365397,0.0,1.0,0.9401695358402373,0.0
20200414_sample_13,2.1333779910769404,75.12552291154861,0.9877493942944621,0.9961455565828349,0.20923030662975003,-20.544663071632385,0.8400000000000074,0.0,-9.349297732114792,0.3300330033003298,0.000830403918949009,1.6101321585903077,1.1622558050509324,0.1935020994140909,58.91125802394181,137.12000000000003,73.00000000000001,28,11.00220775797202,0.5856195936324795,0,-54.123931125551465,251.11111111111111,0.0,1.095160366651503,0.0,0.9285714285714286,2.385849062737757,0.0
20200408_sample_13,1.8004626881478836,72.47505709528923,0.9109515086832939,0.9855034722909609,0.19967365897417422,-36.02924197912216,0.6000000000000172,0.0,-11.134445667266846,0.0,0.005053046320868516,1.4339622641509413,1.3496674879459327,0.4879545722158495,390.1374065876007,60.04000000000001,33.72,26,23.86363595911701,2.224585415674511,0,-64.37114281356335,25.000000000000004,0.0,1.0365576993931704,0.0,0.4444444444444444,1.3434701901421162,0.0
20200406_sample_23,2.403137338997107,70.61272859573364,0.9557868302473361,0.990799773690094,0.23175262001047953,-37.81398385763168,0.5200000000000204,0.0,-14.721717685461044,0.0,0.0005240611785266594,1.3048780487804865,1.0840971866445477,0.2146314038883972,159.46859159817302,85.12,27.840000000000003,53,10.853537124492895,7.598785943351139,1,-58.42958431318402,51.53846153846153,42.697175071984155,1.1757801800294787,0.48552,0.7931034482758621,1.2041058458482978,0.0
20200406_sample_22,2.8319456034482555,68.13067384064198,0.9572714054716851,0.9912457856782364,0.2880253611330078,-42.569104582071304,0.5600000000000049,0.0,-10.949313640594482,0.0,0.0011741960794744274,0.7662337662337649,1.065979461469434,0.28640961040189905,136.2411600471075,52.36000000000002,29.76000000000001,42,15.635379648153238,17.441481755419893,7,-59.316810205578804,40.0,45.02788532257086,1.3829060095504309,0.51248,0.68,1.2443494678638696,0.0
20200413_sample_9,0.4258193348867019,73.74449633061886,0.829288461535118,0.9843131669261178,0.08514722945977767,-24.264903739094734,0.7600000000000107,0.0,-8.387381210923195,0.6839916839916839,0.004234536170212766,4.315068493150684,1.6402053363266214,0.3355899921404207,79.82883990431827,54.559999999999995,40.76000000000002,16,10.144381332028527,0.9015771729381257,0,-58.18003346920013,200.0,0.0,1.127189268697434,0.0,0.6,2.0624325673847532,0.0
20200403_sample_1,0.9268500670747003,69.67251002788544,0.8214679180248753,0.7869713475076594,0.12775095764516367,-41.54275730252266,0.8400000000000074,0.0,-7.841318845748901,0.0,0.013351170068027213,1.3828571428571408,1.4843526535193199,0.6877813294733769,309.45639557639754,68.64,36.12000000000001,6,14.4003440689205,7.761010937819194,0,-74.47951160520316,60.0,62.629609451293625,1.2645112705098667,0.4454000000000001,0.0,1.250480866758536,0.0
20200408_sample_11,3.5393199822600545,81.79237507283688,0.8196136515640797,0.9447275937781565,0.2741772949854073,-51.38308182358742,0.7200000000000262,0.0,3.019224852323532,0.0,0.06952750298790265,1.5447154471544826,1.4304933082700169,1.3505816945092868,263.4420629938444,85.08000000000001,51.04,13,22.332083762318003,1.5106328505616347,0,-67.324302816391,40.0,0.0,1.0370252669204214,0.0,0.18181818181818182,1.5477436254781165,0.0
20200408_sample_14,1.478749481774031,62.17411160469055,0.9384037891954917,0.9879161758027966,0.19457183081269439,-41.214507073163986,0.5199999999999927,0.0,-12.483339756727219,0.7099863201094397,0.0015729171033185558,0.751322751322749,1.720780392580842,0.3250602837173749,113.70752333849673,119.00000000000003,52.00000000000002,41,13.017221857328735,14.731361804274847,3,-66.81411847174168,48.57142857142857,36.54988813549288,1.4353149967304881,0.41368000000000005,0.7083333333333334,1.1775337530401708,0.0
20200409_sample_1,1.275274897295239,80.0776444375515,0.9254878889442131,0.9854295795697466,0.16630370872346234,-49.68392476439476,0.6000000000000033,0.0,-6.711874157190323,0.6141682479443388,0.0009258185237368539,1.972850678733031,1.2935566482634349,0.2678249357449561,188.24291617920005,18.799999999999997,7.080000000000003,47,16.154022671619224,3.335391284876458,1,-55.17567140683532,9.166666666666668,0.0,1.0312146463708978,0.0,0.84,1.1387844483119427,0.0
20200408_sample_18,0.9645215954143743,67.74535030126572,0.9659721268981226,0.9900629499580316,0.14617178230746708,-36.68411821126938,0.5200000000000204,0.0,-12.710478156805038,0.7563812600969304,0.001156078148336903,1.3793103448275843,1.1872655945481119,0.30013320783915975,129.62377258638537,48.48,27.840000000000003,49,9.754465062583535,12.437653098419759,6,-56.576031441241504,48.36363636363636,40.08677564457028,1.4108100537302737,0.4965200000000001,0.6785714285714286,1.1426927139834184,2.0
20200413_sample_16,0.6393411636971755,84.61467362940311,0.8584321278814331,0.9907839034610603,0.1031183217927932,-30.9178214520216,0.9600000000000164,0.0,-5.309050902724266,0.43111831442463544,0.0015013760775862074,2.0434782608695636,1.4455709859510455,0.224851489360988,93.90859392285344,79.28000000000002,51.28000000000002,21,12.45625731983883,1.0591601611074069,0,-62.72370423227549,140.0,0.0,1.0955626212140566,0.0,0.75,3.110480625190899,0.0
20200403_sample_8,2.5238298158999055,63.987972214818,0.962154910327197,0.9914676382048294,0.25068866452525973,-33.994827419519424,0.5600000000000049,0.0,-12.868829071521759,0.0,0.00010784355650585738,1.4434050514499535,1.081603674111172,0.12301381228538034,185.72137705733377,35.680000000000014,25.040000000000006,85,10.693293927522276,7.495644443322973,0,-60.0674450814724,62.162162162162126,47.938890377580904,1.4319658952176453,0.4920800000000001,0.8666666666666667,1.1250577302088196,0.0
20200406_sample_21,1.016389593002262,73.20051081478596,0.8914772965855093,0.9910246350653007,0.1483388163454269,-45.28239369392395,0.5199999999999927,0.0,-9.746689349412918,0.0,0.0024207901831006335,1.1504424778761064,1.2769602260957995,0.3785052753984201,209.92869260658819,66.64,33.960000000000015,36,16.221762507998143,0.267606852945093,0,-70.41216246187687,50.76923076923077,0.0,1.0191928060395685,0.0,0.6363636363636364,1.358102781621829,0.0
20200410_sample_23,2.1867117226242545,70.81394642591476,0.9258879298376884,0.9895038031112207,0.22524782285623338,-37.07738593220711,0.5199999999999927,0.0,-11.355161666870117,0.5090909090909104,0.006882771909233177,1.1111111111111094,1.3027364519239002,0.6120858435763307,145.71771434020422,46.68,31.08,33,15.059346534155129,2.1855202548923316,0,-63.3789303407073,107.55555555555554,0.0,1.1283850344667146,0.0,0.65,1.286122638271038,0.0
20200408_sample_4,4.225828554399916,76.78085193037987,0.9519135561931007,0.9681252980138669,0.3173140873004082,-37.85811364650726,0.6400000000000017,0.0,-12.446325272321701,0.0,0.0008759578897281858,1.3566037735849061,1.3416645889890275,0.2624924692017811,169.48626555502415,66.24000000000002,43.48000000000002,47,17.10060263446194,4.048441594197584,0,-65.84365076124668,100.0,34.989845490306664,1.2673386275549634,0.36036,0.7037037037037037,1.4732320909732093,0.0
20200408_sample_28,1.3283575746307572,74.70749318599701,0.8782285486370357,0.9831994413605752,0.16204209056416094,-43.96592453122139,0.5600000000000049,0.0,-5.297541618347168,0.8169934640522876,0.027603556752336562,1.1290322580645202,2.270508292908952,0.9075618890431213,181.44291197508568,119.88000000000001,50.60000000000001,18,12.069832289865342,0.37656509422896534,0,-77.6026876181364,88.75000000000003,0.0,1.0437260499305518,0.0,0.38461538461538464,1.5621253977108023,0.0
20200407_sample_25,0.7882392712350526,41.27192683517933,0.9902749409685203,1.000109924172412,0.13303780158464,-23.063482716679573,0.40000000000001146,0.0,-25.935133919119835,0.0,1.0769207912880836e-05,1.074218750000001,1.0202543651949965,0.054908251190828095,96.38289753223458,121.24000000000001,37.68000000000002,168,6.177633186619416,1.3839415843441785,0,-62.17992365956306,228.6614173228346,0.0,1.1137286836769729,0.0,0.9418604651162791,0.7504939594081116,0.0
20200410_sample_27,3.473136812011821,60.893505811691284,0.9714818503061082,0.9668698076971869,0.28674595317877694,-27.499418705701828,0.4800000000000082,0.0,-13.325847685337067,0.0,0.1516423819988311,1.1034482758620745,1.3923491379310344,3.052377885911697,127.6918478744725,49.88000000000001,31.08,30,10.349081475327797,2.9311543324258267,0,-54.01520999595523,100.0,37.366861009597585,1.2283102739013716,0.47264,0.25,0.9828070849816796,0.0
20200408_sample_8,5.713932036227294,70.14708779752254,0.808903761429386,0.7831910300085124,0.3482394143793487,-43.21901127696037,0.7999999999999952,0.0,-8.03375244140625,0.0,0.10983154364862399,1.165354330708663,1.3299177220618115,1.5006255096053789,323.600157223021,23.000000000000007,16.960000000000004,7,17.19853027441983,9.165524707006597,3,-57.41127227097749,40.0,22.348723781108927,1.1362476665277994,0.17904000000000003,0.16666666666666666,1.1549585745917745,0.0
20200407_sample_10,3.005858817125935,70.38910314440727,0.9476540869028064,0.9868704285275278,0.27481638043828016,-47.70239070057869,0.4800000000000082,0.0,-13.061035424470901,0.5234822451317301,0.01003006311372946,1.3884892086330956,1.4857018486629692,0.946904907958234,140.7659032953282,61.2,22.080000000000002,54,10.299729167029477,0.0,0,-65.19811267703771,77.57575757575758,0.0,1.0017772720760367,0.0,0.65625,1.1289003733016707,0.0
20200403_sample_2,2.051917222865046,65.01991488039494,0.9645718261407125,0.989660693109188,0.22028873910509456,-48.61036688089371,0.5199999999999927,0.0,-10.285496711730957,0.0,0.008260907042504397,1.1806451612903242,1.422780303471221,0.9097751956774826,181.90101053069034,48.6,21.080000000000002,61,11.2795677195844,1.1255641054347194,0,-68.56291298717261,72.43243243243242,0.0,1.093574272195697,0.0,0.875,1.1434545388740434,0.0
20200406_sample_12,1.4519283939277599,68.89300048351288,0.9676074059126478,0.9899710193942274,0.18525903709246339,-40.10554775595665,0.6400000000000017,0.0,-14.133747667074203,0.0,0.001504443979933111,1.220496894409935,1.0892937692074207,0.28661529979435085,181.20463460683828,64.16,37.519999999999996,33,14.722252233397379,5.146259058316758,0,-64.89654726684094,53.333333333333336,52.38099454805289,1.2571541514706557,0.51188,0.65,1.283287150491449,0.0
20200413_sample_3,2.405530513207545,72.01097160577774,0.9287511525276683,0.9447625281253085,0.2294462949812827,-33.771686255931854,0.9200000000000041,0.0,-10.458257049322128,0.10628019323671509,0.0010649194573972023,1.378020265003897,1.2770683378641674,0.17347974740867558,48.809009704738884,112.44000000000001,58.71999999999999,17,11.963183447308765,0.0,0,-57.04119397625327,201.8181818181818,0.0,1.0331124349126797,0.0,0.7,2.131680590934491,0.0
20200408_sample_2,5.867905966091589,64.74972330033779,0.9346487236172196,0.9731849233239259,0.4172267359675745,-45.44434696435928,0.5600000000000049,3.223564475774765,-7.3725394904613495,0.4864300626304797,0.01846866096770589,1.9962825278810423,1.590359269246556,0.8619492593460065,192.81201004981992,86.44000000000001,40.800000000000004,25,17.24160384452094,0.9451253129247377,0,-63.40068334043026,44.19354838709679,0.0,1.0274216277907104,0.0,0.4117647058823529,1.2654738205860712,0.0
20200410_sample_8,1.7368607317297247,67.83745251595974,0.9712039345838029,0.9913259542124381,0.1920246232653514,-24.58084188401699,0.7999999999999952,0.0,-6.569992750883102,0.2704257767548911,0.0006110985437513808,1.4827586206896557,1.1248334734059393,0.17281476788352046,70.42754546428723,70.24,49.360000000000014,30,10.53020631055343,0.9854832614015123,0,-55.631390830129384,207.20000000000002,0.0,1.1501713824897815,0.0,0.7647058823529411,2.011998403312041,0.0
20200406_sample_20,2.3172333747918334,58.916812762618065,0.9667455729371963,0.9867006373593868,0.2398562817164707,-33.87230634689331,0.4800000000000082,0.0,-20.473942160606384,0.0,9.203510326910454e-05,1.4656488549618283,1.1314760266655954,0.1247857009873266,124.09573401014012,77.96000000000001,35.239999999999995,102,9.766723499549888,4.441038597184971,0,-67.54388996213675,120.0,48.649217715710485,1.3206896671106176,0.52232,0.8703703703703703,0.977952446128619,0.0
20200403_sample_13,2.2220937716017497,77.08539813756943,0.9263641653064394,0.976772470356725,0.22354461288176344,-42.492035776376724,0.6400000000000017,0.0,-6.869550794363022,0.7312560856864652,0.006990901047121972,1.1726384364820845,1.2952935021553882,0.5237659059415652,204.9033437048398,62.76000000000001,35.56000000000001,24,16.076415136064075,0.3164870318070143,0,-69.25192370563745,80.0,0.0,1.0216705199799883,0.0,0.5,1.661304729410264,0.0
20200407_sample_4,2.7168542179785513,77.7764804661274,0.8637415356155448,0.9501599706170397,0.24302038007130294,-33.242616802453995,0.7999999999999952,0.0,-12.52555102109909,0.0,0.005056084620912685,1.1476323119777156,1.1294770778611325,0.381237451115856,338.93191892653715,41.76000000000002,21.20000000000001,17,19.496536863870027,13.244858808757051,2,-50.298688902705905,26.15384615384615,58.077837949245676,1.1025853418618183,0.48140000000000005,0.5454545454545454,1.3728688953991364,0.0
20200406_sample_27,0.6796345934930537,41.32134094834328,1.0241368015985872,1.0005248336248804,0.12457415187985428,-31.26981109380722,0.40000000000001146,0.0,-26.52595192193985,0.0,4.6501460563028884e-05,1.0944881889763782,1.1312665625083975,0.10828090220389204,99.33901982435154,59.400000000000006,28.200000000000003,152,5.889270864354509,0.46159127266940914,0,-68.46659381091595,245.84070796460176,0.0,1.0508665001953723,0.0,0.9358974358974359,0.7256294991410809,0.0
20200410_sample_18,0.27355929352803776,71.00773602724075,0.9847083276029182,0.9962556745339193,0.06929219784139172,-19.536864012479782,0.7600000000000107,0.0,-11.748332530260086,0.4830590513068729,0.001175186544405736,2.0433070866141727,1.2945230565339136,0.2265580162580823,102.02077938616274,131.88000000000002,52.24000000000001,27,12.993697323419727,1.4482483109010644,0,-61.65984648987651,224.0,0.0,1.1244882778860399,0.0,0.8,2.027790451277278,0.0
20200406_sample_19,1.1496899392523219,56.95810355246067,0.9605611972526734,0.9971694459946943,0.15421542302730998,-34.12063047289848,0.43999999999999595,0.0,-23.00337329506874,0.0,0.00015137014757949193,1.1277533039647578,1.0239380948612797,0.19241480275727138,154.3077603752414,43.160000000000004,27.120000000000005,147,13.701364334632869,6.120295570682252,0,-64.29427054822445,120.0,47.57318831518326,1.3445202789053805,0.49728,0.9466666666666667,0.8542122601516535,0.0
20200410_sample_20,0.7834236728410438,62.60683014988899,0.889261249359115,0.9511159250316846,0.1274667230780954,-24.815570563077927,0.8399999999999797,0.0,-13.070780783891678,0.2822842310188189,0.003138274627051604,1.9536152796725774,1.5919342811161545,0.2825234477778726,59.65704225535907,80.76,49.68,15,11.041111843647629,0.4705998396406059,0,-62.85393826961517,360.0,0.0,1.0891909119985188,0.0,0.6666666666666666,2.095333010710799,0.0
20200407_sample_6,1.077229403930334,67.46184267103672,0.9512973326184572,0.9865368370388211,0.1569952775320743,-39.031170308589935,0.4800000000000082,0.0,-11.347059160470963,0.0,0.014065175568337434,1.2541806020066895,1.5002132018379124,0.9813787879373639,156.8754776120186,54.52000000000001,29.600000000000016,41,11.723307265272688,1.133365316195757,0,-64.97792001217604,114.28571428571426,0.0,1.0545337216728219,0.0,1.05,1.2051212857833316,0.0
20200414_sample_10,1.470145629208453,81.24664425849915,0.8069505815081022,1.0048541737144663,0.15721840926447048,-21.080084145069122,0.8799999999999919,0.0,-7.068159058690071,0.5087719298245613,0.0015951745335251338,2.3576642335766396,3.315160873358722,0.2640971520428845,84.165319558233,131.32000000000002,75.00000000000001,27,12.310911660303583,0.6618135360582045,0,-55.27340408414602,195.00000000000003,0.0,1.0463237348082461,0.0,0.8,2.5721314705926424,0.0
20200414_sample_14,0.4371043021578641,74.53173212707043,0.9570231884753885,0.98386060671927,0.08804630653153273,-17.82999001443386,0.8400000000000074,0.0,-9.3698650598526,0.4107285828662927,0.002211937253067167,2.1026392961876823,1.6333745062993272,0.28148698868583155,65.0135631646429,65.44,45.20000000000002,22,11.597737216050827,0.7632111126254415,0,-55.47128146961332,345.0,0.0,1.112497186976248,0.0,0.6923076923076923,2.407610139331324,0.0
20200410_sample_26,0.9779311197021594,78.53759452700615,0.9876954136222917,0.993563191010859,0.125958393974369,-30.472591519355774,0.7599999999999829,0.0,-11.711779981851578,0.20476212425827126,0.00043958486660842643,1.4509132420091317,1.1718809165050919,0.13587680198450688,61.47895509998007,71.08,43.920000000000016,26,8.859086564775758,0.14287859540790748,0,-68.17234327197075,297.6470588235294,0.0,1.0509384719624686,0.0,0.8571428571428571,2.2879693018942664,0.0
20200409_sample_9,2.6860997065262313,79.42221686244011,0.9187379177782522,0.9833927890059507,0.26664483731480515,-35.689402371644974,0.6000000000000172,0.0,-8.555039763450623,0.0,0.005719575948245296,1.3369565217391277,1.311599793893755,0.5695611573732795,248.8462511363129,62.680000000000014,33.12000000000001,33,13.983320386586945,3.8091073720423054,0,-59.74504478350282,44.999999999999986,55.6371708536144,1.1332997084193754,0.53484,0.5714285714285714,1.4147132887522635,0.0
20200403_sample_16,2.319675817168212,76.22412592172623,0.9184379077673492,0.9867566530700838,0.26071970157170715,-38.98702934384346,0.6800000000000139,0.0,-7.639013230800629,0.0,0.00902575839736181,1.2355769230769253,1.4157847423469585,0.7006881928195823,239.73840917646885,154.0,51.28000000000002,33,19.909672351802303,0.0,0,-67.78212572485208,75.15151515151514,0.0,1.0165025515825845,0.0,0.5,1.6857345719455161,0.0
20200410_sample_24,0.5213362154556095,77.7196642011404,0.9707217209093982,0.9773258025721028,0.09069427349258347,-26.802172884345055,0.8399999999999797,0.0,-12.963904067873955,0.139495798319327,0.0014882728487839174,1.3642793987621573,1.2306461126312527,0.20837743331508699,52.603536851349304,62.48000000000001,44.52,18,7.663111129227993,0.7845681043323367,0,-63.55976067185402,300.0,0.0,1.0938291873301687,0.0,0.8,2.5523046947606627,0.0
20200408_sample_24,1.7117676360031657,59.03447978198528,0.9491422012310388,0.9953361878742766,0.20560822570125073,-39.985477924346924,0.43999999999999595,0.0,-15.108034014701843,0.0,0.00015335232395562396,0.9646302250803829,1.135979550212799,0.16301380808867938,110.45303846044199,76.20000000000002,45.360000000000014,104,9.130888934701014,2.1200067686713453,0,-69.74052559584379,149.01960784313724,0.0,1.1518191340984159,0.0,0.8070175438596491,0.951019765592695,0.0
20200409_sample_10,2.4109373749729115,67.46787950396538,0.9590120120388608,0.9840583578088534,0.24075607248283992,-25.0936858355999,0.47999999999998044,0.0,-20.616602152585983,0.0,0.0002900600584341493,1.2571959145775302,1.1289413344017682,0.18066014872529187,151.5201101290683,62.960000000000015,39.239999999999995,68,13.384042602205325,3.2550114306681124,0,-54.418426261097196,84.99999999999999,37.43518303558222,1.1893987264008727,0.4516400000000001,0.7631578947368421,1.0767577646173705,0.0
20200409_sample_11,1.93472706312259,67.63238832354546,0.9333784963500121,0.9775969184107998,0.21545652497788123,-29.859893023967743,0.5200000000000204,0.0,-13.313602656126022,0.0,0.0019898343236910516,1.3227513227513243,1.165367002130414,0.34596318288088007,284.25134241705143,66.68000000000002,31.600000000000016,30,13.55805211739378,4.0781892607496815,0,-53.79724709540606,38.064516129032256,48.84325956210478,1.1336360570959416,0.44844000000000006,0.42857142857142855,1.192370729577002,0.0
20200408_sample_3,3.3226683219847146,72.74395599961281,0.8882905910203724,0.9605858813285387,0.2714106872851849,-46.758487820625305,0.5600000000000049,0.0,-6.259460002183914,0.0,0.04409723294723295,1.4501992031872504,1.9503251201727727,0.9466272168762135,233.93543333436054,25.56,10.080000000000005,13,13.805874891057137,0.24664892379118442,0,-60.48544279932976,30.000000000000004,0.0,1.0092754438632017,0.0,0.3,1.4423238603503015,0.0
20200403_sample_9,2.3003522557470513,60.25207228958607,0.963085361747543,0.9858908135395371,0.24980204290193173,-44.44152116775513,0.5199999999999927,0.0,-10.65465435385704,0.0,0.0056226317154437645,1.335526315789476,1.3415698893492929,0.5403567223739401,273.4618041391174,68.20000000000002,42.03999999999999,30,16.278553796189232,1.343796574787234,0,-76.48314055651426,60.0,0.0,1.047567901455512,0.0,0.42857142857142855,1.2881683747347639,0.0
20200406_sample_10,1.2639304932487676,67.63607263565063,0.9692103350926783,0.9897233809888358,0.16405037582178067,-34.70137342810631,0.5199999999999649,0.0,-23.265291005373,0.0,0.0002266881067388326,1.033879781420764,1.0501909209720661,0.15847851911442046,176.61757273226976,234.12000000000003,58.960000000000015,66,16.598457583511152,6.819341614102321,0,-62.80126384198665,54.61538461538461,46.8792980735007,1.2074812040347316,0.47492,0.7837837837837838,1.0578142312932215,0.0
20200403_sample_5,1.8812265817147318,54.666269570589066,1.0135482415388188,0.998282604148774,0.2171553221327103,-27.348212897777557,0.43999999999999595,0.0,-22.928226739168167,0.0,8.355284614033792e-05,1.0755467196819088,1.0108539845382143,0.11005252105038152,179.62543074041602,91.72000000000003,62.40000000000001,87,8.038769064231163,3.140962249420582,0,-68.49902096241712,120.0,48.58284620568167,1.1370368318186224,0.48308000000000006,0.8695652173913043,0.9408060331285518,0.0
20200403_sample_10,0.911563983075699,70.97454741597176,0.9672684135373983,0.9908668955001696,0.14219425647453843,-37.68302500247955,0.6400000000000017,0.0,-14.960139989852905,0.0,0.0009289199874712649,0.9194476409666277,1.114352177953081,0.26944659398564147,122.48326228000231,59.760000000000005,35.0,47,13.16649688610929,16.222657412364597,5,-60.03838129267096,45.306122448979586,46.526668355316055,1.358848192606336,0.5284800000000001,0.6785714285714286,1.4660782188506745,0.0
20200410_sample_21,1.940493244707998,71.63945026695728,0.8618556901450576,0.9733298111167595,0.20073685262945604,-24.71294067800045,0.8400000000000074,0.0,-8.285211399197578,0.4234092694422623,0.0036832866057979045,2.5122549019607847,2.2311861306433283,0.3192299687012975,41.81141954908769,85.36000000000001,53.88000000000001,13,8.925378125113799,0.701244963860951,0,-59.37492793947458,300.0,0.0,1.1391075715425436,0.0,0.3,2.638468453708671,0.0
20200414_sample_1,0.895401506596044,81.14076778292656,0.8553678004312634,0.9928135540031011,0.12431348977984731,-31.08890727162361,1.0399999999999854,0.0,-6.941258907318115,0.4521354933726075,0.0012499149702257322,1.9072847682119212,1.2903575229738138,0.2080231012587536,90.81699986259136,89.4,61.76000000000001,21,15.1220331481061,1.5034047054764272,0,-64.81576693207026,160.0,0.0,1.1098449436289954,0.0,0.75,3.335619747441252,0.0
20200410_sample_1,0.597693360882263,67.84077361226082,0.9568932048566153,0.9765667890414231,0.1080463556432169,-29.201388359069824,0.9200000000000041,0.0,-11.413395404815674,0.20683343502135468,0.0010673450347667569,1.4649298597194387,1.2300031861285707,0.18980860957459478,68.49241564422847,117.76,73.96,21,12.334603905003634,0.3125342723471931,0,-65.19765166491271,232.72727272727275,0.0,1.0437420676999019,0.0,0.75,2.309686096862353,0.0
20200413_sample_21,1.4217289506547064,82.35698007047176,0.9866411375108851,0.9963170406933247,0.15857442024550547,-24.02080036699772,0.9599999999999886,0.0,-10.130660608410835,0.21393841166936772,0.000529189005216986,1.3220738413197164,1.1114019903381858,0.15651239805476852,65.3424833814303,76.88000000000001,49.559999999999995,29,12.453308808833143,0.6611210579962261,0,-53.993091084808114,240.0,0.0,1.0951274340635562,0.0,0.9285714285714286,2.909751097561896,1.0
20200414_sample_8,2.260780353740053,73.58059100806713,0.8899485216027639,0.9826896775686931,0.22079876270690846,-31.194673851132393,0.6400000000000017,0.0,-12.97265850007534,0.6955974842767306,0.008468028028147579,1.0,1.6394691380716424,0.5782286962783945,209.7787005330125,97.60000000000002,32.40000000000001,24,25.16209619685078,5.4261200702812005,0,-49.906627187877895,40.0,46.94539595857294,1.3517423627700496,0.5107200000000001,0.6,1.3266610309171012,0.0
20200408_sample_21,1.2683834974691315,68.82594898343086,0.963547957083602,0.9733113475619248,0.16717923184537511,-36.77111864089966,0.6399999999999739,0.0,-17.266452312469482,0.0,0.0006176360197744194,1.2591240875912417,1.2924636776545282,0.24732324646803425,193.51444770644108,72.28000000000002,46.80000000000001,59,12.880534947072197,4.144813091492907,0,-74.78639301359654,88.69565217391305,52.89389073520868,1.1420089944084986,0.4808800000000001,0.6857142857142857,1.3467818686784931,0.0
20200408_sample_6,0.5564705626549458,71.98970019817352,0.9179992775871783,0.9818034011763026,0.10476387598673134,-40.20015150308609,0.5600000000000049,0.0,-11.459864675998688,0.0,0.0011592007778317946,1.3835616438356146,1.2446620269563062,0.2604986557862858,149.12351432566848,40.67999999999999,19.16000000000001,35,12.464549702358893,1.7741158045595782,0,-57.014493600279096,78.62068965517241,39.656368241161566,1.2161884815128943,0.45824000000000004,0.75,1.2047917862611253,0.0
