,Ephys t-SNE x,Ephys t-SNE y,Morph t-SNE x,Moprh t-SNE y,Morphoelectric t-SNE x,Morphoelectric t-SNE y
20171204_sample_2,32.98,-30.54,39.88,15.38,24.94,13.32
20171204_sample_4,32.72,-31.22,34.11,10.69,24.09,12.44
20171204_sample_5,33.52,-31.38,37.36,10.76,24.25,12.99
20171204_sample_6,34.38,-32.61,38.88,7.87,23.21,13.35
20171207_sample_1,57.06,-3.56,34.21,15.16,38.07,10.32
20171207_sample_2,56.69,-3.55,40.06,11.18,38.19,9.6
20171207_sample_6,-9.07,-3.05,38.88,14.49,22.72,10.37
20171207_sample_7,-8.98,-3.07,35.95,8.56,22.67,10.17
20171219_sample_1,45.16,-0.51,31.43,11.53,34.82,3.8
20171219_sample_2,45.08,0.11,39.31,11.17,32.51,8.38
20171219_sample_3,42.04,-0.7,32.72,10.83,34.26,4.51
20171219_sample_4,41.18,4.63,,,,
20171219_sample_6,39.46,8.2,37.93,6.74,31.07,10.81
20171219_sample_7,42.09,-0.91,37.09,6.16,32.19,4.84
20171219_sample_8,41.63,3.96,38.31,11.78,32.49,8.93
20180102_sample_1,40.44,8.96,37.16,13.23,32.85,12.01
20180102_sample_2,50.23,-6.88,,,,
20180102_sample_3,28.61,-13.54,32.38,12.99,26.45,9.02
20180102_sample_4,51.07,0.57,35.08,12.69,33.66,9.44
20180102_sample_5,28.84,-10.15,36.5,5.83,29.47,5.91
20180103_sample_1,51.77,0.02,,,,
20180103_sample_2,54.61,-1.01,33.97,15.28,36.89,10.58
20180103_sample_3,25.13,-13.43,,,,
20180103_sample_4,17.54,-19.75,,,,
20180103_sample_5,27.92,-14.34,,,,
20180103_sample_6,26.45,-13.38,,,,
20180103_sample_7,49.25,0.23,37.42,5.62,31.99,5.74
20180103_sample_8,24.78,-19.63,,,,
20180104_sample_1,26.24,-14.22,,,,
20180104_sample_2,39.52,-4.05,,,,
20180104_sample_3,32.66,-9.99,,,,
20180104_sample_4,26.46,-13.16,,,,
20180104_sample_6,31.39,-11.24,38.26,13.23,28.09,10.57
20180105_sample_4,46.86,-1.57,34.9,13.26,30.88,9.09
20180105_sample_5,43.69,-0.21,36.96,3.74,31.92,3.94
20180105_sample_6,29.49,-12.07,34.05,12.87,27.54,9.16
20180108_sample_1,48.37,0.27,,,,
20180108_sample_2,47.53,0.78,,,,
20180108_sample_3,50.32,-2.86,,,,
20180108_sample_4,42.08,8.35,37.71,10.21,33.59,11.92
20180108_sample_5,40.97,11.79,36.34,11.39,35.45,12.57
20180108_sample_7,50.95,-1.89,,,,
20180108_sample_8,53.85,0.25,,,,
20180108_sample_9,16.93,-20.78,35.17,14.2,25.31,9.69
20180108_sample_10,17.49,-20.08,,,,
20180109_sample_1,48.28,1.13,,,,
20180109_sample_2,26.28,-12.15,,,,
20180109_sample_5,28.4,-12.92,,,,
20180110_sample_1,20.7,-16.1,,,,
20180110_sample_2,28.16,-15.61,,,,
20180110_sample_3,44.67,2.38,,,,
20180110_sample_4,29.56,-15.82,,,,
20180110_sample_5,32.66,-16.2,33.67,12.32,25.34,10.72
20180110_sample_7,29.13,-13.35,,,,
20180110_sample_8,43.01,8.57,35.76,12.1,34.08,11.44
20180111_sample_5,20.71,-16.03,32.78,13.9,25.19,8.9
20180115_sample_2,35.0,-14.08,36.16,11.09,26.11,11.27
20180115_sample_5,37.36,-20.63,38.62,15.0,27.28,12.32
20180115_sample_6,55.6,-2.99,,,,
20180115_sample_7,55.35,-2.81,35.09,11.76,36.99,9.67
20180115_sample_8,46.59,1.07,38.23,8.59,32.15,6.89
20180115_sample_9,51.32,-3.26,34.77,9.33,34.15,7.25
20180118_sample_1,54.94,-7.74,36.05,12.57,35.86,7.98
20180118_sample_2,32.63,-9.94,37.04,8.72,29.44,7.6
20180118_sample_4,30.45,-8.18,38.8,5.46,28.83,6.87
20180118_sample_6,45.64,1.12,37.64,7.43,31.96,6.85
20180118_sample_7,54.17,-1.71,36.49,14.35,36.3,10.2
20180118_sample_10,55.12,-1.04,39.53,11.42,36.31,11.18
20180123_sample_1,32.99,-33.17,,,,
20180123_sample_3,39.29,11.83,,,,
20180123_sample_5,30.15,-9.6,34.18,13.97,28.89,9.68
20180123_sample_6,27.03,-30.54,38.07,12.27,25.46,12.63
20180123_sample_7,37.96,11.28,40.21,10.37,32.02,13.66
20180208_sample_1,43.81,6.72,,,,
20180208_sample_2,39.82,10.46,37.09,14.58,33.04,12.56
20180208_sample_3,39.5,9.87,,,,
20180208_sample_4,40.72,5.27,,,,
20180208_sample_5,37.78,10.42,31.95,13.27,34.09,13.33
20180213_sample_3,42.04,9.13,39.57,14.63,33.13,11.05
20180213_sample_5,-52.2,5.09,-33.21,6.74,-27.59,-14.11
20180215_sample_1,-34.37,5.37,-33.43,-2.3,-24.47,-5.99
20180220_sample_1,-18.17,31.14,,,,
20180220_sample_2,33.23,-20.45,32.5,-10.75,30.53,-12.1
20180225_sample_1,37.58,-15.35,36.5,-14.51,25.96,-15.12
20180225_sample_2,26.72,-21.29,,,,
20180225_sample_3,49.37,-5.51,35.82,-3.93,26.64,-5.18
20180225_sample_4,30.46,-13.37,36.89,4.98,28.45,6.31
20180225_sample_5,40.14,8.62,39.61,4.71,31.17,11.51
20180225_sample_7,-55.87,-1.11,,,,
20180228_sample_3,36.41,-29.84,33.44,-17.8,33.16,-17.59
20180306_sample_1,-57.15,-2.67,-13.68,-12.6,-31.23,3.79
20180306_sample_2,29.89,-27.1,36.29,-13.82,31.59,-15.78
20180306_sample_3,26.93,-20.66,37.27,-12.35,28.49,-12.77
20180306_sample_5,35.18,-24.12,33.19,-13.58,30.39,-14.1
20180309_sample_4,30.68,-24.41,38.07,0.64,29.99,-8.6
20180309_sample_6,31.12,-13.07,34.3,-11.5,28.41,-11.0
20180309_sample_7,47.15,2.12,,,,
20180309_sample_8,32.32,-28.77,,,,
20180313_sample_1,,,,,,
20180313_sample_2,38.74,-22.33,37.07,-13.16,30.97,-15.83
20180313_sample_3,36.02,-14.84,33.29,-12.7,26.21,-14.33
20180313_sample_7,32.44,-21.33,35.4,-13.09,27.39,-12.99
20180313_sample_8,41.19,-24.35,,,,
20180313_sample_9,-51.95,-2.42,,,,
20180315_sample_1,44.13,5.9,,,,
20180315_sample_2,31.25,-26.5,,,,
20180315_sample_5,39.66,-19.54,35.72,-8.76,32.25,-11.63
20180315_sample_6,-50.72,-5.75,,,,
20180321_sample_2,34.04,-14.48,,,,
20180321_sample_3,30.74,-19.82,30.79,13.34,23.33,8.41
20180321_sample_4,-12.95,20.42,,,,
20180321_sample_8,23.21,-30.85,35.04,9.61,25.92,14.58
20180321_sample_9,25.85,-30.55,,,,
20180322_sample_1,38.4,-22.3,,,,
20180322_sample_2,34.23,-30.91,33.04,-15.47,33.58,-16.2
20180322_sample_3,30.66,-20.3,,,,
20180322_sample_4,34.55,-13.38,,,,
20180322_sample_5,31.12,-12.55,37.37,7.76,28.27,7.61
20180322_sample_6,40.51,5.9,36.93,16.54,29.84,13.87
20180322_sample_7,35.74,11.86,,,,
20180327_sample_1,-40.34,5.56,-24.99,-4.78,-33.95,-8.01
20180327_sample_2,-46.47,5.54,,,,
20180327_sample_3,33.24,-8.88,32.58,11.82,26.42,8.13
20180327_sample_4,-41.39,-1.58,-24.54,-3.68,-33.07,-8.55
20180327_sample_5,-54.95,-1.69,-26.08,-2.99,-31.08,-8.02
20180327_sample_6,25.08,-12.06,36.97,-10.53,26.47,-10.07
20180329_sample_1,32.58,-8.5,37.95,3.02,29.15,3.3
20180329_sample_2,28.22,-24.82,,,,
20180329_sample_3,32.03,-7.45,,,,
20180329_sample_4,24.72,-15.24,40.74,13.18,28.33,11.73
20180329_sample_5,31.72,-6.25,35.56,6.5,28.47,5.08
20180329_sample_6,50.57,-4.42,33.73,10.43,34.43,6.99
20180329_sample_7,33.85,-6.09,,,,
20180329_sample_8,36.27,-20.69,33.23,4.21,27.21,2.92
20180403_sample_5,53.39,-8.43,,,,
20180403_sample_6,38.31,12.83,,,,
20180403_sample_7,28.2,-11.79,,,,
20180404_sample_1,-34.63,-16.23,,,,
20180404_sample_2,-39.47,6.07,-18.97,-17.4,-35.83,5.24
20180404_sample_3,41.23,-2.94,,,,
20180404_sample_4,-45.44,-11.89,,,,
20180404_sample_5,-30.35,-8.91,-29.35,3.65,-28.01,-14.59
20180404_sample_7,31.74,-26.12,,,,
20180405_sample_1,38.35,12.91,,,,
20180405_sample_2,33.41,-10.5,33.25,-5.25,27.73,0.93
20180405_sample_3,49.09,-6.06,37.39,-3.1,27.01,-5.12
20180410_sample_1,-40.98,8.73,,,,
20180410_sample_3,33.15,-21.3,32.31,-13.44,29.58,-12.38
20180410_sample_4,42.68,-26.81,35.2,-16.97,33.45,-18.8
20180410_sample_5,36.21,-29.47,34.46,-16.91,32.86,-17.31
20180410_sample_6,53.24,-12.57,36.34,-8.38,33.19,-10.17
20180410_sample_9,-54.78,-6.16,-19.76,-2.59,-36.08,-2.25
20180411_sample_1,39.76,-16.7,35.81,-15.37,26.69,-16.15
20180411_sample_3,30.05,-3.79,,,,
20180411_sample_4,-46.35,-0.63,-14.36,-14.18,-31.17,5.64
20180411_sample_5,-57.58,-3.23,-14.72,-13.36,-31.46,2.7
20180412_sample_1,31.13,-23.03,,,,
20180412_sample_2,-43.17,10.65,,,,
20180412_sample_3,4.43,-8.79,,,,
20180412_sample_4,40.23,-25.98,33.77,-14.21,30.34,-17.07
20180412_sample_7,34.71,-21.05,35.41,4.06,26.26,3.56
20180413_sample_2,-32.34,-11.58,,,,
20180413_sample_3,-23.22,-0.65,,,,
20180413_sample_4,36.79,-31.15,32.75,-10.56,33.58,-14.67
20180417_sample_1,20.52,10.98,-11.63,-0.25,-5.28,5.64
20180417_sample_2,-43.07,-19.61,,,,
20180417_sample_3,22.86,-25.22,35.58,-16.31,27.33,-15.08
20180417_sample_4,-38.46,-20.51,,,,
20180417_sample_5,30.34,-24.53,,,,
20180417_sample_6,24.06,-25.8,,,,
20180417_sample_7,-45.8,7.33,,,,
20180417_sample_8,-16.01,18.92,,,,
20180417_sample_9,23.8,-25.63,,,,
20180418_sample_1,-32.79,-17.35,,,,
20180418_sample_2,-45.69,-5.9,,,,
20180418_sample_3,-44.02,-7.2,,,,
20180418_sample_5,41.32,0.31,,,,
20180418_sample_6,42.41,-17.54,,,,
20180420_sample_2,33.78,-22.07,,,,
20180420_sample_3,34.25,-27.13,,,,
20180420_sample_4,35.9,-11.3,,,,
20180424_sample_1,33.4,-23.31,,,,
20180424_sample_2,39.65,-22.53,34.92,-18.95,31.51,-19.35
20180424_sample_3,,,35.36,-15.88,,
20180424_sample_6,43.07,-26.51,,,,
20180425_sample_2,50.27,-13.17,35.79,-11.52,29.33,-17.99
20180425_sample_3,-22.86,-3.99,,,,
20180425_sample_4,38.06,-27.14,,,,
20180425_sample_5,11.6,17.7,,,,
20180425_sample_7,-54.3,-8.16,,,,
20180425_sample_8,12.64,15.47,,,,
20180425_sample_9,35.83,-28.19,32.93,-17.51,32.96,-16.74
20180426_sample_1,36.42,-22.51,,,,
20180426_sample_3,39.7,-17.13,37.08,-12.06,26.09,-15.95
20180426_sample_4,30.68,-25.63,,,,
20180426_sample_5,-33.12,-7.65,,,,
20180426_sample_7,30.84,-6.82,34.16,7.3,27.22,5.52
20180426_sample_9,-52.67,-10.22,,,,
20180501_sample_2,42.94,-19.58,34.13,-12.18,29.13,-14.77
20180501_sample_3,20.28,-14.43,,,,
20180501_sample_4,32.49,-23.33,32.6,-14.52,29.73,-13.79
20180501_sample_5,39.32,-26.74,34.49,-9.54,32.11,-12.98
20180501_sample_6,49.48,-9.35,,,,
20180501_sample_7,-34.95,-24.68,,,,
20180501_sample_8,-2.45,-17.29,,,,
20180502_sample_1,-53.12,-11.03,,,,
20180502_sample_2,27.76,-23.01,,,,
20180502_sample_3,28.84,-6.92,35.69,5.79,27.57,4.99
20180502_sample_4,32.66,-26.86,,,,
20180508_sample_1,-45.89,4.44,,,,
20180508_sample_2,46.83,-8.47,,,,
20180508_sample_3,38.2,-33.0,34.68,-15.78,32.01,-18.32
20180508_sample_4,38.96,-24.56,,,,
20180509_sample_1,43.33,-18.09,,,,
20180509_sample_2,36.75,-18.46,,,,
20180509_sample_3,36.62,-26.27,36.12,-11.42,31.74,-14.44
20180509_sample_4,,,36.04,-10.73,,
20180509_sample_5,29.99,-23.51,36.94,-15.42,30.2,-15.47
20180509_sample_7,47.83,-0.4,34.29,6.04,33.36,5.22
20180509_sample_9,44.18,-18.78,,,,
20180510_sample_2,-40.53,10.45,-19.67,-17.93,-36.05,5.22
20180510_sample_3,34.23,-18.4,,,,
20180510_sample_4,40.9,-25.47,,,,
20180510_sample_5,27.09,-9.94,38.13,1.93,28.58,2.86
20180510_sample_9,22.92,8.69,,,,
20180515_sample_1,-34.24,-9.54,-14.01,-10.09,-29.12,4.36
20180515_sample_6,-44.66,-3.04,,,,
20180522_sample_1,37.37,-30.64,,,,
20180522_sample_2,37.94,-23.61,,,,
20180522_sample_3,31.54,-7.75,,,,
20180522_sample_4,47.25,3.14,38.79,4.16,30.25,2.98
20180522_sample_5,-40.08,-14.4,,,,
20180522_sample_6,52.95,-0.88,,,,
20180522_sample_7,38.27,-27.6,34.02,-13.19,29.29,-15.8
20180524_sample_5,-32.86,-25.22,,,,
20180524_sample_8,18.89,-16.55,36.34,-1.28,30.65,-3.57
20180524_sample_9,-52.94,-9.33,-26.19,-9.69,-27.91,-2.75
20180529_sample_3,49.47,-3.84,34.3,-8.19,26.81,-5.83
20180608_sample_1,-4.1,21.53,,,,
20180608_sample_2,-53.73,4.17,,,,
20180608_sample_3,33.91,-7.03,,,,
20180608_sample_5,-49.97,3.93,,,,
20180619_sample_3,-43.55,-18.32,,,,
20180619_sample_5,37.74,-25.75,,,,
20180619_sample_7,0.24,-9.59,,,,
20180621_sample_1,39.02,-24.27,,,,
20180621_sample_2,40.68,-24.75,31.39,-11.22,33.69,-13.44
20180621_sample_3,-0.35,11.71,,,,
20180621_sample_4,34.97,-28.74,32.58,-11.44,32.85,-14.82
20180621_sample_5,2.86,37.48,,,,
20180621_sample_7,-46.17,-18.98,-15.54,1.2,-24.91,-0.48
20180621_sample_8,-48.51,10.74,,,,
20180628_sample_2,-51.1,-0.69,-16.87,-17.97,-33.5,1.61
20180628_sample_3,-44.64,-17.98,,,,
20180628_sample_4,-34.44,-23.29,,,,
20180628_sample_6,-51.43,-0.29,,,,
20180628_sample_7,-0.1,6.54,,,,
20180703_sample_1,-42.29,6.6,,,,
20180703_sample_2,36.66,-18.2,,,,
20180703_sample_3,27.98,-8.62,,,,
20180704_sample_1,-40.7,8.09,,,,
20180704_sample_2,-36.5,-19.16,,,,
20180704_sample_3,-36.4,-23.28,,,,
20180704_sample_4,16.48,-18.79,,,,
20180704_sample_5,-54.44,-2.67,-15.73,-13.52,-31.95,1.83
20180705_sample_1,-39.82,4.87,-22.28,-4.69,-35.18,-8.44
20180705_sample_4,-36.22,-10.51,,,,
20180709_sample_2,52.09,-7.63,35.49,-7.7,32.61,-10.59
20180709_sample_3,4.47,-20.39,,,,
20180709_sample_4,51.68,-6.93,,,,
20180709_sample_6,30.33,-6.86,,,,
20180710_sample_1,-49.1,-5.36,,,,
20180710_sample_2,-48.4,2.68,,,,
20180710_sample_3,-50.27,-1.21,,,,
20180710_sample_5,-40.88,-16.83,,,,
20180711_sample_1,-42.63,-17.3,-18.87,1.97,-25.22,-1.61
20180711_sample_2,-10.59,15.66,,,,
20180711_sample_3,-13.25,37.96,-18.0,-9.37,-11.22,13.72
20180711_sample_4,-6.26,38.28,,,,
20180712_sample_2,-3.78,-19.16,,,,
20180712_sample_3,-5.39,12.42,,,,
20180712_sample_5,-56.21,-1.78,,,,
20180712_sample_11,-47.94,10.57,,,,
20180712_sample_12,-39.83,4.08,,,,
20180712_sample_13,39.5,-25.51,35.22,-17.57,31.18,-17.35
20180712_sample_14,-38.39,-16.47,-15.13,-12.55,-28.48,3.2
20180712_sample_15,-40.85,2.46,,,,
20180717_sample_1,-51.08,-9.17,,,,
20180717_sample_2,-11.68,33.88,,,,
20180717_sample_3,-39.28,-17.38,-27.09,-8.63,-30.5,-4.99
20180717_sample_4,-48.99,1.4,-17.71,-5.63,-35.38,-1.42
20180717_sample_6,-48.87,-11.06,,,,
20180717_sample_7,39.94,11.09,41.17,12.51,31.91,12.98
20180718_sample_2,-38.26,6.06,,,,
20180718_sample_3,-36.85,5.32,,,,
20180718_sample_4,-41.61,5.54,,,,
20180719_sample_1,-38.8,3.81,-13.36,-13.73,-31.38,5.83
20180719_sample_4,-42.5,-2.34,,,,
20180720_sample_2,54.46,2.1,,,,
20180720_sample_3,-45.37,-7.92,,,,
20180720_sample_5,1.21,-18.0,-10.98,-11.59,-14.56,3.18
20180725_sample_3,42.72,-22.33,34.46,-14.19,29.77,-17.11
20180725_sample_4,33.17,-25.2,,,,
20180725_sample_6,-38.18,-22.98,,,,
20180725_sample_7,36.37,-20.1,,,,
20180725_sample_9,-2.05,-18.52,-11.56,16.55,-9.68,28.78
20180726_sample_3,-36.41,-18.55,,,,
20180726_sample_4,-52.83,2.27,,,,
20180726_sample_5,-53.44,-0.13,,,,
20180726_sample_6,-52.08,1.1,,,,
20180726_sample_7,-53.1,-5.53,,,,
20180817_sample_2,-45.09,-20.41,-15.77,-8.05,-29.07,1.52
20180817_sample_3,-40.9,-25.26,-20.8,-3.07,-37.4,-3.78
20180817_sample_4,-40.05,2.24,-25.38,-11.15,-29.69,-2.38
20180817_sample_5,-50.2,-3.99,,,,
20180817_sample_6,34.48,-15.2,36.05,4.74,29.71,4.64
20180817_sample_7,-39.46,-12.94,,,,
20180820_sample_1,-20.91,28.95,,,,
20180820_sample_2,48.74,-10.19,19.45,4.8,23.27,-4.52
20180820_sample_3,-5.76,35.29,,,,
20180820_sample_4,-8.59,26.54,-20.15,-9.94,-15.04,13.72
20180820_sample_5,-18.17,-4.48,-12.5,14.19,-6.39,29.32
20180820_sample_6,49.18,-11.81,34.04,-15.36,27.02,-19.2
20180820_sample_7,-30.07,-22.4,-16.93,-8.94,-25.93,4.84
20180822_sample_1,-33.7,-20.78,-20.64,-17.85,-36.4,2.24
20180822_sample_2,-35.87,5.32,-27.34,-8.58,-27.21,-4.73
20180822_sample_3,-40.86,-25.44,-19.41,-3.9,-37.62,-3.67
20180822_sample_4,-42.61,4.77,-24.67,-7.77,-29.34,-3.71
20180822_sample_6,-41.96,7.61,-20.61,-4.24,-36.77,-6.75
20180822_sample_7,-38.22,-16.94,-19.49,-3.56,-35.21,-5.56
20180828_sample_2,-22.19,-3.26,-17.11,-7.49,-33.77,4.34
20180828_sample_3,-48.81,0.16,-18.25,-14.97,-33.85,0.78
20180828_sample_4,42.97,-22.28,38.11,-14.23,29.03,-19.15
20180828_sample_5,-53.36,-1.12,-22.99,-16.44,-36.06,0.37
20180828_sample_6,-37.09,-13.45,-14.1,-10.82,-29.13,4.36
20180828_sample_7,53.07,-4.33,,,,
20180828_sample_8,42.55,-20.33,,,,
20180829_sample_1,-16.99,28.44,,,,
20180829_sample_2,-12.72,38.46,-16.64,8.25,-11.44,14.78
20180829_sample_3,-19.99,29.67,,,,
20180829_sample_4,-5.0,39.45,,,,
20180829_sample_5,-19.14,27.14,,,,
20180829_sample_6,-11.57,24.75,-11.28,13.34,-9.9,21.12
20180829_sample_7,0.21,22.5,-16.2,4.02,-10.82,8.45
20180829_sample_8,39.93,-18.78,34.8,-14.49,27.85,-16.11
20180830_sample_1,-32.71,2.27,-22.8,-15.26,-33.01,-0.3
20180830_sample_2,-43.78,4.01,,,,
20180830_sample_5,-46.03,-18.34,,,,
20180830_sample_6,-43.74,5.45,,,,
20180904_sample_1,-41.56,-5.95,,,,
20180904_sample_2,-39.53,-15.97,-19.56,-4.78,-34.89,-5.9
20180904_sample_3,-48.25,-5.59,-22.11,-13.39,-31.45,0.82
20180904_sample_4,-34.4,-11.84,-25.34,-2.27,-30.97,-9.68
20180904_sample_5,-45.27,-18.93,-16.43,-14.43,-30.62,2.41
20180904_sample_6,-42.0,10.09,,,,
20180904_sample_7,-37.81,-25.9,-18.86,-3.34,-36.84,-4.1
20180904_sample_9,-36.75,-20.14,-14.31,-7.87,-27.45,1.95
20180905_sample_1,-12.74,24.96,,,,
20180905_sample_2,-14.07,27.72,-20.2,-10.06,-14.85,13.45
20180910_sample_2,-0.28,17.98,,,,
20180910_sample_3,-14.12,28.79,,,,
20180911_sample_1,0.47,26.14,,,,
20180911_sample_2,-16.92,11.47,,,,
20180911_sample_3,-7.5,30.36,-11.27,14.94,-10.68,21.3
20180911_sample_5,-13.17,1.68,,,,
20180911_sample_6,-14.34,34.15,-29.43,-8.54,-12.52,14.25
20180912_sample_2,-40.57,8.94,-15.42,5.03,-28.63,-5.47
20180912_sample_3,-54.19,4.73,,,,
20180912_sample_6,-35.32,-20.69,,,,
20180913_sample_2,2.19,12.1,,,,
20180917_sample_1,-5.01,34.07,,,,
20180917_sample_2,-40.77,3.78,,,,
20180917_sample_3,29.45,-25.32,,,,
20180917_sample_4,-29.37,-16.0,,,,
20180917_sample_5,-15.02,14.49,,,,
20180918_sample_1,-5.12,24.87,-10.22,-4.59,-4.51,8.94
20180918_sample_2,-11.87,38.1,-9.02,-5.38,-7.16,13.45
20180918_sample_3,5.75,-1.03,,,,
20180920_sample_1,-42.69,-0.67,,,,
20180920_sample_2,-48.12,-4.92,-24.59,-4.46,-33.37,-7.9
20180920_sample_3,-45.25,1.59,,,,
20180920_sample_4,-36.72,-9.03,-21.38,-0.5,-35.92,-10.68
20180921_sample_1,-7.09,20.04,,,,
20180921_sample_2,-42.39,3.6,,,,
20180921_sample_3,-43.14,6.22,,,,
20180925_sample_9,-46.05,1.93,-25.76,-3.22,-31.31,-7.65
20180926_sample_1,-42.42,-21.44,-23.26,-5.24,-33.81,-5.02
20180926_sample_3,-43.28,1.09,-23.2,-13.84,-31.72,-0.74
20180926_sample_4,-52.7,0.93,,,,
20180926_sample_7,-41.85,-20.53,-13.08,-13.62,-29.26,2.96
20180926_sample_9,34.99,-29.84,38.46,-16.42,35.08,-16.47
20180927_sample_1,-36.25,-23.35,,,,
20180927_sample_2,-41.69,-1.24,,,,
20180927_sample_3,-38.69,-21.27,,,,
20180927_sample_4,-44.05,-1.49,,,,
20180927_sample_5,-54.88,-0.83,,,,
20180927_sample_7,-46.94,-20.5,,,,
20180927_sample_9,23.95,-16.49,,,,
20180927_sample_10,-35.52,-11.88,,,,
20181002_sample_1,-37.41,7.53,,,,
20181002_sample_2,-42.65,-1.68,,,,
20181002_sample_3,-36.12,-18.08,,,,
20181002_sample_4,-36.07,6.32,,,,
20181002_sample_5,-33.95,-19.13,,,,
20181002_sample_6,-31.25,-9.33,,,,
20181002_sample_7,32.47,-25.16,,,,
20181002_sample_8,-46.66,-0.05,,,,
20181002_sample_9,-31.03,-21.71,,,,
20181002_sample_10,-34.59,-23.12,-22.02,-17.13,-36.76,1.83
20181003_sample_1,-0.4,26.73,,,,
20181003_sample_2,3.8,18.76,,,,
20181003_sample_3,-16.73,29.57,,,,
20181003_sample_4,-11.3,15.42,,,,
20181003_sample_5,-2.34,25.25,,,,
20181003_sample_6,-3.43,11.23,,,,
20181003_sample_7,-15.5,2.51,,,,
20181003_sample_8,-13.81,17.9,-14.92,-11.71,-21.95,10.1
20181003_sample_9,-21.17,-6.54,,,,
20181003_sample_10,-18.33,15.46,,,,
20181004_sample_1,-16.04,29.48,,,,
20181004_sample_3,-8.45,2.62,,,,
20181004_sample_5,-21.07,-6.68,-16.35,-10.03,-26.09,5.44
20181004_sample_6,-9.07,25.08,,,,
20181004_sample_8,-22.39,-2.55,-17.46,-17.89,-35.11,3.78
20181009_sample_2,-8.69,30.41,,,,
20181009_sample_3,-6.71,29.8,-14.97,-10.07,-10.24,12.4
20181009_sample_4,-11.41,13.52,,,,
20181009_sample_5,-16.79,29.04,-16.25,2.94,-12.86,13.02
20181009_sample_6,27.44,-22.58,,,,
20181009_sample_7,-13.48,34.76,-15.12,-10.77,-10.51,12.98
20181010_sample_1,-17.94,28.94,,,,
20181010_sample_3,-17.08,26.6,,,,
20181010_sample_4,-14.91,31.22,,,,
20181010_sample_5,33.26,-18.73,36.37,-17.39,27.89,-14.24
20181010_sample_6,0.77,18.55,,,,
20181010_sample_8,-10.16,19.12,,,,
20181010_sample_10,2.15,36.82,,,,
20181011_sample_3,-33.11,-19.7,-14.46,-7.09,-26.09,1.65
20181011_sample_4,-4.38,40.91,,,,
20181011_sample_8,-16.62,6.81,,,,
20181011_sample_9,-4.93,26.13,,,,
20181011_sample_10,-11.97,16.31,,,,
20181109_sample_1,-7.38,21.43,,,,
20181109_sample_2,-13.59,30.14,,,,
20181109_sample_3,-12.19,26.04,,,,
20181109_sample_5,-5.25,16.67,-19.77,-12.18,-21.27,11.91
20181109_sample_7,-8.23,20.37,-33.13,-8.79,-18.83,12.22
20181109_sample_8,-8.72,14.69,,,,
20181109_sample_9,-16.56,22.41,,,,
20181109_sample_10,-2.95,19.81,,,,
20181112_sample_1,-9.22,29.85,,,,
20181112_sample_4,-9.31,32.12,,,,
20181112_sample_5,-10.61,23.56,,,,
20181112_sample_6,-27.65,13.63,-33.5,-10.75,-17.28,12.88
20181112_sample_8,-8.16,34.3,-32.41,-10.3,-17.55,16.88
20181112_sample_11,0.18,36.18,,,,
20181114_sample_1,-37.01,6.88,,,,
20181114_sample_2,-34.99,-5.77,,,,
20181114_sample_4,-38.24,-14.07,,,,
20181116_sample_2,-34.74,-7.32,,,,
20181116_sample_3,-37.67,-26.23,,,,
20181116_sample_4,-34.74,-7.32,,,,
20181116_sample_5,-32.1,-21.06,-19.41,-18.64,-35.83,2.75
20181116_sample_7,-40.87,-21.81,,,,
20181116_sample_10,-38.3,-15.64,,,,
20181116_sample_12,-33.52,-13.06,,,,
20181121_sample_1,-15.51,34.99,,,,
20181121_sample_2,-5.71,16.32,,,,
20181121_sample_3,-19.14,-4.07,,,,
20181121_sample_4,-8.41,35.94,,,,
20181121_sample_5,4.12,28.54,,,,
20181121_sample_6,-6.43,-8.33,-33.67,-9.86,-19.84,9.66
20181121_sample_7,-11.17,16.73,,,,
20181126_sample_2,-9.12,18.44,,,,
20181126_sample_6,7.97,21.85,,,,
20181127_sample_1,-15.12,32.73,,,,
20181127_sample_3,-9.66,29.23,-9.91,12.47,-9.66,20.4
20181127_sample_4,-13.52,13.87,,,,
20181127_sample_5,-10.48,14.99,-18.84,-8.6,-16.39,11.47
20181127_sample_7,-2.0,11.93,-15.96,2.07,-10.55,5.82
20181129_sample_1,0.29,35.29,,,,
20181129_sample_2,-6.4,37.49,,,,
20181129_sample_3,-1.65,14.63,,,,
20181129_sample_4,-15.06,34.33,,,,
20181129_sample_5,-12.16,10.85,,,,
20181129_sample_6,-7.78,40.84,,,,
20181203_sample_2,-4.07,39.95,,,,
20181203_sample_3,-11.1,22.89,,,,
20181203_sample_4,-18.41,8.04,,,,
20181203_sample_5,-11.46,30.08,,,,
20181203_sample_6,-34.27,-14.8,,,,
20181203_sample_7,-15.33,33.12,,,,
20181203_sample_8,-16.86,33.45,,,,
20181203_sample_9,-15.32,35.67,,,,
20181203_sample_10,-17.16,21.51,,,,
20181205_sample_1,-9.76,32.16,,,,
20181205_sample_2,-10.42,22.16,,,,
20181207_sample_1,-22.53,-3.25,,,,
20181207_sample_2,-43.1,2.82,,,,
20181207_sample_3,-35.82,-13.6,,,,
20181207_sample_4,-41.61,0.15,,,,
20181207_sample_5,-28.12,-15.96,,,,
20181207_sample_6,-38.81,-0.82,,,,
20181207_sample_7,-32.75,-11.71,,,,
20181208_sample_1,-17.78,-1.11,,,,
20181208_sample_2,-9.27,15.08,,,,
20181208_sample_3,-9.41,27.3,,,,
20181208_sample_4,-4.75,19.47,,,,
20181208_sample_5,-6.91,37.6,,,,
20181208_sample_6,-2.8,18.87,,,,
20181208_sample_7,-15.35,28.08,,,,
20181208_sample_8,-8.35,14.69,,,,
20181208_sample_9,-0.31,36.41,,,,
20181208_sample_10,-7.94,21.39,,,,
20181211_sample_1,37.73,-34.17,,,,
20181211_sample_2,-18.44,-1.27,,,,
20181211_sample_4,-39.96,-18.08,,,,
20181211_sample_5,-36.41,-8.06,,,,
20181211_sample_6,-41.31,-18.81,,,,
20181211_sample_7,-37.34,0.31,,,,
20181211_sample_8,-33.66,10.74,,,,
20181211_sample_9,-40.19,-12.55,,,,
20181213_sample_1,-1.54,37.54,,,,
20181213_sample_2,5.15,36.02,,,,
20181213_sample_3,-1.31,36.99,,,,
20181213_sample_4,-10.46,21.08,,,,
20181213_sample_5,33.49,-7.23,,,,
20181213_sample_6,-15.17,14.53,,,,
20181213_sample_7,0.52,19.27,,,,
20181214_sample_1,48.64,-10.65,,,,
20181214_sample_2,3.12,15.66,,,,
20190108_sample_1,-43.33,-17.68,-15.41,-2.4,-35.35,-3.7
20190108_sample_2,15.91,28.28,,,,
20190108_sample_3,46.15,-13.06,32.19,-15.67,28.39,-16.35
20190108_sample_5,22.03,4.05,-9.66,-1.03,-4.32,5.55
20190108_sample_6,1.97,-15.38,,,,
20190109_sample_2,-6.94,14.97,,,,
20190110_sample_1,-4.02,17.47,,,,
20190110_sample_3,-24.37,9.21,,,,
20190110_sample_4,-21.71,6.31,-24.42,-1.12,-20.36,-4.97
20190110_sample_6,31.18,-30.4,,,,
20190110_sample_7,31.08,-30.64,36.65,-8.89,30.34,-9.56
20190117_sample_1,6.51,28.29,-7.71,-2.67,-4.41,14.22
20190117_sample_2,3.77,-8.67,36.47,-2.88,30.01,-5.77
20190117_sample_3,0.27,24.83,,,,
20190117_sample_4,25.82,-20.47,33.72,-8.29,28.46,-9.84
20190117_sample_5,-11.79,23.22,,,,
20190122_sample_1,-52.81,-5.85,-32.84,-0.65,-25.49,-9.27
20190122_sample_2,,,34.1,-18.02,,
20190122_sample_3,-37.89,-18.72,-25.76,-7.71,-31.17,-5.38
20190122_sample_5,-53.87,-6.28,-16.26,-7.81,-35.13,-1.25
20190122_sample_6,,,33.34,-15.97,,
20190122_sample_9,-53.47,-7.42,-22.56,-15.79,-33.64,-0.51
20190122_sample_10,-40.94,-20.33,,,,
20190122_sample_11,-56.06,0.44,,,,
20190122_sample_12,-44.29,-20.13,,,,
20190122_sample_13,-34.13,-3.53,,,,
20190122_sample_14,-37.39,-15.45,-23.78,-5.28,-33.59,-5.82
20190122_sample_16,-42.89,-1.29,,,,
20190122_sample_17,-40.33,-0.05,,,,
20190123_sample_5,-31.45,-21.04,,,,
20190123_sample_7,-20.55,3.07,,,,
20190123_sample_8,-44.94,4.27,,,,
20190124_sample_4,-32.94,-24.14,,,,
20190128_sample_2,-40.09,-26.79,-14.58,4.67,-25.29,-3.13
20190128_sample_3,-33.04,-21.25,,,,
20190128_sample_4,-36.56,-10.09,-24.36,-3.36,-32.73,-9.03
20190128_sample_6,4.56,22.43,-11.06,17.35,-9.51,22.97
20190128_sample_7,-38.74,-23.92,-23.5,-16.49,-36.92,0.36
20190128_sample_11,-38.16,-3.44,,,,
20190128_sample_12,-37.81,5.14,-25.74,-7.19,-28.64,-4.28
20190130_sample_2,-48.06,1.13,,,,
20190130_sample_3,-11.3,6.9,-30.69,2.66,-18.04,-5.44
20190130_sample_6,-43.95,-6.95,-27.5,-11.12,-28.03,-1.67
20190130_sample_8,33.49,-34.77,27.5,10.18,18.63,4.68
20190130_sample_9,2.99,34.42,-31.79,-10.23,-19.58,15.97
20190130_sample_10,-17.24,26.3,-21.71,-2.9,-20.91,4.93
20190130_sample_15,-42.92,9.47,,,,
20190130_sample_17,-6.64,32.06,-32.98,-7.71,-18.24,13.72
20190130_sample_18,2.05,33.69,-31.72,-9.68,-20.18,15.91
20190131_sample_1,-3.58,9.63,-34.09,-8.42,-18.27,10.57
20190131_sample_3,-42.62,-21.22,-16.48,-11.53,-29.52,1.91
20190131_sample_4,-7.16,2.27,,,,
20190131_sample_5,-50.85,-12.98,-14.29,-5.9,-24.3,2.74
20190131_sample_6,-13.83,18.39,-17.32,3.12,-20.94,2.28
20190131_sample_10,-11.39,10.53,,,,
20190201_sample_2,-48.21,-15.24,-18.49,-3.96,-36.73,-5.32
20190201_sample_3,-41.05,-14.58,-17.32,4.81,-29.63,-6.28
20190201_sample_4,-43.3,-13.61,-24.4,-7.02,-32.02,-4.05
20190201_sample_7,-33.19,-22.78,,,,
20190201_sample_8,-29.38,-15.98,,,,
20190201_sample_10,-43.18,-3.17,,,,
20190204_sample_1,-14.88,37.52,-34.05,-11.26,-16.69,17.57
20190204_sample_2,19.57,-7.57,28.26,11.66,18.46,6.85
20190204_sample_4,-5.56,18.23,,,,
20190204_sample_5,-2.14,26.33,-17.07,8.58,-12.69,16.26
20190204_sample_6,-5.88,25.19,,,,
20190204_sample_7,-37.27,-16.49,-15.73,1.06,-25.03,0.38
20190204_sample_8,-38.24,-7.13,,,,
20190204_sample_9,-35.17,-21.41,-14.4,-5.88,-26.53,1.48
20190204_sample_10,-36.3,-21.74,,,,
20190204_sample_11,-27.96,13.29,,,,
20190204_sample_14,0.19,33.87,,,,
20190204_sample_15,-21.78,9.19,-15.38,-6.67,-22.94,3.53
20190204_sample_16,-20.5,24.62,,,,
20190204_sample_17,-12.83,12.66,,,,
20190204_sample_18,-2.88,40.82,,,,
20190204_sample_19,-15.53,26.48,,,,
20190204_sample_20,-44.25,-5.73,,,,
20190204_sample_21,-47.3,-17.92,-27.4,-11.95,-27.52,-1.31
20190204_sample_22,49.65,-2.06,38.83,4.61,32.74,2.32
20190204_sample_24,23.96,-8.43,,,,
20190205_sample_1,-28.54,13.33,,,,
20190205_sample_2,-3.74,13.29,-20.24,-15.12,-23.81,12.86
20190205_sample_3,-18.32,26.44,,,,
20190205_sample_4,-3.77,15.88,-17.43,1.52,-11.21,7.52
20190205_sample_5,-9.56,17.99,,,,
20190205_sample_6,-18.3,15.68,-17.56,-10.15,-26.98,7.17
20190205_sample_7,-43.73,-14.86,-29.75,1.87,-28.29,-11.23
20190211_sample_1,-41.0,-5.9,,,,
20190211_sample_2,48.39,-7.64,18.74,-3.47,21.5,-7.98
20190211_sample_3,-48.58,-6.93,-34.85,3.07,-21.98,-7.61
20190211_sample_4,45.65,-9.14,,,,
20190211_sample_6,-50.95,2.06,-29.75,-7.51,-26.91,-6.55
20190211_sample_8,-42.29,2.35,-32.1,0.07,-23.4,-8.39
20190211_sample_9,-45.11,-0.59,-23.43,-15.76,-32.82,-1.42
20190211_sample_10,,,23.52,9.65,,
20190211_sample_11,-55.44,-0.65,-31.81,-1.59,-24.15,-8.24
20190211_sample_12,-44.95,0.7,,,,
20190212_sample_1,-11.88,25.7,-20.24,3.95,-14.45,16.44
20190212_sample_4,-7.71,24.48,-20.01,-15.64,-24.55,14.0
20190212_sample_5,-3.55,40.8,-19.23,-8.82,-10.83,10.55
20190212_sample_6,-8.35,17.7,-29.92,-11.85,-19.46,11.37
20190212_sample_7,-18.88,10.46,-30.88,-5.46,-17.02,7.65
20190212_sample_8,-6.01,16.52,,,,
20190213_sample_1,-40.93,1.61,,,,
20190213_sample_4,-34.66,-23.9,,,,
20190213_sample_7,-40.22,-4.2,-30.37,3.07,-22.87,-9.88
20190213_sample_8,-37.41,-19.57,,,,
20190214_sample_1,-42.52,-4.69,-27.1,4.66,-29.79,-12.23
20190214_sample_2,-45.27,-18.49,-17.18,-16.04,-33.09,3.2
20190214_sample_3,-35.05,-23.93,,,,
20190214_sample_6,-44.5,-22.05,-32.29,1.31,-26.52,-10.49
20190214_sample_9,-48.25,-0.72,-23.98,-1.02,-33.3,-10.38
20190218_sample_3,-0.43,34.52,-15.98,-9.03,-9.96,11.87
20190218_sample_4,-10.69,25.84,-15.11,9.03,-13.68,16.41
20190218_sample_5,-4.86,27.36,,,,
20190219_sample_1,14.2,20.5,-13.15,-0.78,-6.41,6.72
20190219_sample_3,13.52,32.43,-14.96,5.66,-9.21,9.06
20190219_sample_4,14.86,12.31,,,,
20190219_sample_7,5.08,34.64,-6.45,-4.81,-3.62,12.09
20190219_sample_8,46.17,-8.62,20.89,0.13,21.72,-5.15
20190221_sample_1,-15.97,2.86,-28.91,-9.8,-18.73,7.2
20190221_sample_2,-7.55,3.35,-18.72,-9.63,-21.09,9.14
20190221_sample_4,-31.57,-19.11,-15.25,2.7,-22.77,0.82
20190221_sample_10,1.62,36.47,-30.48,-10.96,-18.39,14.7
20190221_sample_11,-42.39,0.25,,,,
20190222_sample_2,9.12,-14.44,23.67,7.71,15.99,5.43
20190222_sample_3,49.23,-8.16,21.92,2.46,22.98,-6.35
20190222_sample_4,22.17,-5.43,19.97,1.32,14.7,-5.09
20190222_sample_5,-2.77,3.06,28.24,9.83,18.5,6.03
20190222_sample_7,12.46,21.45,,,,
20190222_sample_8,20.18,-20.37,19.76,4.92,17.05,-1.2
20190226_sample_1,-44.27,1.64,-25.41,-11.73,-30.2,-1.78
20190226_sample_2,-0.66,-14.92,,,,
20190226_sample_3,28.17,-5.09,16.38,-6.28,11.14,-11.32
20190226_sample_5,47.87,-13.16,,,,
20190226_sample_6,23.54,-10.03,37.49,-2.48,30.64,-4.54
20190226_sample_7,0.99,-0.4,,,,
20190226_sample_9,-37.37,-8.07,-24.93,-12.39,-31.04,-1.83
20190227_sample_1,-8.54,39.62,,,,
20190227_sample_2,-13.42,19.5,-19.1,-14.01,-22.48,11.66
20190227_sample_3,-6.54,13.43,-17.94,-11.97,-22.47,7.47
20190227_sample_4,-2.86,17.98,-31.09,-12.58,-20.1,13.24
20190227_sample_5,-8.94,24.9,-21.4,-10.06,-15.25,14.76
20190227_sample_6,-2.09,10.25,-31.08,-7.05,-17.65,8.87
20190227_sample_7,-49.79,1.46,-20.95,-15.96,-34.89,-0.05
20190318_sample_3,-11.59,9.48,-18.1,-15.76,-24.04,8.43
20190318_sample_4,-27.55,9.23,-17.59,-11.96,-23.13,5.63
20190318_sample_5,-7.79,39.22,,,,
20190318_sample_6,-9.9,27.77,-31.78,-11.32,-18.32,12.65
20190320_sample_4,39.2,-5.93,19.21,-9.58,15.9,-13.28
20190320_sample_5,10.15,-11.68,18.55,1.98,15.22,-1.3
20190320_sample_6,13.78,-3.63,16.3,4.52,11.65,-2.27
20190320_sample_9,21.51,2.04,,,,
20190321_sample_2,24.78,-6.96,,,,
20190321_sample_4,22.89,-15.71,22.64,5.01,20.27,-1.65
20190321_sample_6,20.82,1.62,25.56,8.55,19.02,3.89
20190322_sample_1,26.72,-9.97,20.95,3.71,18.87,-2.3
20190322_sample_2,50.62,-12.62,38.06,-16.46,28.38,-17.84
20190322_sample_3,,,21.82,9.87,,
20190322_sample_4,17.02,-18.03,24.75,5.19,20.94,7.93
20190325_sample_1,4.11,-20.82,-11.4,-10.92,-15.06,4.13
20190325_sample_2,-50.19,2.86,,,,
20190325_sample_3,29.95,-17.94,23.05,8.2,18.17,1.31
20190325_sample_4,9.27,-6.99,22.42,9.8,16.7,3.9
20190325_sample_5,8.28,-7.54,21.85,10.43,16.89,3.85
20190325_sample_6,21.24,-2.29,21.09,7.51,14.44,2.57
20190325_sample_7,13.32,-19.64,16.8,-4.28,12.43,-10.42
20190325_sample_9,14.13,-5.13,,,,
20190326_sample_1,21.25,2.16,22.35,8.6,17.28,2.86
20190326_sample_2,13.13,18.27,,,,
20190326_sample_3,21.55,16.14,,,,
20190326_sample_4,5.67,12.82,,,,
20190327_sample_1,15.89,-3.54,,,,
20190327_sample_2,45.28,-18.45,,,,
20190327_sample_4,13.74,-6.19,,,,
20190327_sample_7,6.66,28.39,-8.28,-4.0,-4.7,14.02
20190328_sample_1,19.52,-10.02,,,,
20190328_sample_2,,,21.58,9.04,,
20190328_sample_3,17.44,-4.5,20.12,-4.39,12.99,-7.85
20190328_sample_4,18.1,-6.65,20.18,3.1,14.86,-2.59
20190328_sample_5,,,20.07,6.92,,
20190328_sample_6,11.27,-7.98,15.94,3.75,11.62,-3.73
20190328_sample_8,18.91,-19.35,,,,
20190328_sample_9,21.85,-14.59,17.75,-4.21,13.99,-10.03
20190329_sample_3,11.16,-5.72,,,,
20190329_sample_4,12.87,-7.16,,,,
20190329_sample_5,15.51,-16.82,20.9,10.18,16.19,2.77
20190402_sample_2,17.29,4.27,,,,
20190402_sample_3,41.42,-1.9,25.98,10.14,21.65,1.84
20190402_sample_5,13.12,-12.21,,,,
20190402_sample_6,13.34,15.3,,,,
20190403_sample_3,9.99,-1.33,,,,
20190403_sample_5,17.15,7.99,18.13,0.1,16.13,-5.08
20190403_sample_6,1.84,31.13,-28.05,-10.17,-19.32,17.32
20190403_sample_7,-8.45,35.25,-11.47,14.23,-11.23,20.78
20190408_sample_1,-46.44,-16.37,-25.9,-7.47,-30.04,-5.38
20190408_sample_2,-14.58,10.56,-7.0,15.06,-9.38,18.23
20190408_sample_5,-14.75,18.65,-30.88,-7.94,-18.43,8.87
20190408_sample_6,-15.23,9.27,-14.8,4.68,-11.64,8.94
20190409_sample_2,-13.35,26.69,,,,
20190409_sample_3,18.81,-2.93,,,,
20190409_sample_4,-6.03,21.17,,,,
20190409_sample_5,4.28,31.57,17.71,4.54,11.21,-0.15
20190409_sample_7,-3.59,39.29,,,,
20190409_sample_8,15.15,-8.4,17.29,5.34,12.97,-2.37
20190409_sample_9,14.31,-1.23,18.61,4.2,12.64,-1.05
20190409_sample_10,18.71,-12.61,,,,
20190409_sample_11,46.62,-12.33,18.94,2.82,22.88,-4.54
20190410_sample_3,54.25,1.42,22.75,11.27,22.71,-1.37
20190410_sample_4,-8.21,37.03,,,,
20190410_sample_6,34.6,-21.68,,,,
20190410_sample_7,15.69,-8.7,20.78,4.79,13.61,-2.07
20190410_sample_10,34.98,-22.66,21.77,7.07,18.03,-0.4
20190411_sample_1,15.44,-10.42,,,,
20190411_sample_3,-49.46,0.58,,,,
20190411_sample_5,-0.04,-3.27,18.6,-1.03,12.66,-5.15
20190411_sample_6,-46.39,9.73,-31.32,5.66,-21.54,-10.31
20190411_sample_8,21.4,-9.11,16.62,1.83,13.9,-4.17
20190412_sample_1,-42.7,-13.24,-28.69,0.6,-29.45,-11.1
20190412_sample_3,44.92,-9.89,19.69,4.12,22.15,-3.57
20190412_sample_6,-7.09,-8.82,-37.97,12.17,-14.82,-15.58
20190415_sample_1,-38.17,8.6,-32.9,4.74,-21.98,-8.76
20190415_sample_3,20.24,-8.77,28.97,7.9,20.75,5.71
20190415_sample_4,44.75,-3.74,19.19,0.96,19.87,-5.24
20190415_sample_6,18.5,-8.6,17.8,2.32,14.22,-3.19
20190415_sample_8,19.34,-4.74,,,,
20190415_sample_10,43.76,-3.99,17.38,-6.88,17.21,-11.43
20190416_sample_3,16.92,-6.6,,,,
20190416_sample_4,-48.41,-3.74,,,,
20190416_sample_5,-19.11,7.81,-35.44,10.45,-16.59,-12.48
20190416_sample_6,24.53,6.54,,,,
20190416_sample_7,-5.49,11.01,-35.57,11.89,-13.57,-12.04
20190416_sample_8,-39.53,-5.18,-22.3,-2.3,-32.52,-11.69
20190416_sample_9,40.72,0.66,18.82,-8.52,17.46,-12.45
20190416_sample_10,17.52,-12.97,20.94,-4.26,11.71,-7.09
20190417_sample_2,17.85,-11.92,,,,
20190417_sample_3,-4.96,33.66,24.81,12.39,13.48,4.81
20190417_sample_4,-10.16,26.66,,,,
20190417_sample_5,-18.2,33.04,,,,
20190417_sample_9,29.35,-17.59,19.86,3.87,17.44,-2.26
20190417_sample_10,-11.36,4.09,,,,
20190418_sample_2,-8.97,28.13,,,,
20190418_sample_4,19.89,4.55,17.58,2.99,17.49,-4.61
20190418_sample_5,43.76,-3.92,18.38,6.89,20.4,-3.68
20190418_sample_7,18.64,-9.51,17.95,3.69,14.63,-3.11
20190418_sample_8,-45.36,9.04,-34.72,16.74,-19.2,-16.22
20190418_sample_9,20.85,-18.7,16.27,-7.3,14.28,-12.3
20190418_sample_10,16.46,-10.18,,,,
20190422_sample_1,-45.16,8.51,-32.32,2.57,-22.06,-9.46
20190422_sample_4,-35.23,-13.67,-30.13,1.12,-28.35,-10.57
20190422_sample_5,-26.7,11.43,,,,
20190422_sample_6,18.54,-13.84,17.22,-1.15,15.3,-7.22
20190422_sample_7,16.13,-17.89,19.48,8.07,15.85,1.77
20190422_sample_8,-36.81,-2.3,,,,
20190422_sample_10,19.7,-14.23,18.98,-9.43,15.16,-13.29
20190423_sample_1,45.39,-7.95,24.01,6.07,21.85,-2.65
20190423_sample_3,21.92,-12.7,21.54,0.32,14.54,-5.39
20190423_sample_5,-0.86,31.72,16.53,-10.92,11.43,-14.95
20190423_sample_7,10.17,-14.61,,,,
20190423_sample_8,-41.12,-16.64,-37.02,11.06,-18.16,-13.07
20190423_sample_10,-36.71,-15.68,-35.11,4.4,-22.2,-12.5
20190424_sample_1,17.3,4.29,21.23,2.5,15.96,-3.45
20190424_sample_2,-34.14,5.9,-34.33,6.49,-18.88,-10.83
20190424_sample_3,19.63,0.54,19.15,-4.6,12.98,-8.87
20190424_sample_4,17.48,-14.99,19.32,1.8,15.83,-2.63
20190424_sample_5,17.08,-2.99,18.77,6.22,14.09,1.4
20190424_sample_6,53.31,-11.19,19.04,-7.96,18.86,-11.46
20190424_sample_7,1.27,-7.45,-10.66,12.05,-7.12,24.33
20190425_sample_1,50.24,-9.22,19.85,-2.29,21.03,-7.22
20190425_sample_4,17.13,-25.35,,,,
20190425_sample_6,-4.99,36.0,-38.3,9.04,-13.04,-10.25
20190425_sample_7,47.93,-13.43,17.45,-5.67,21.0,-9.14
20190425_sample_8,14.51,-7.04,17.53,1.12,13.08,-3.52
20190425_sample_9,18.83,-13.63,16.71,-7.92,14.59,-11.79
20190425_sample_12,11.71,-9.87,,,,
20190425_sample_13,13.22,-9.16,,,,
20190425_sample_14,12.68,-15.02,,,,
20190425_sample_16,41.6,-7.92,18.94,3.11,22.88,-5.59
20190429_sample_1,-43.7,6.27,-33.55,-0.4,-23.01,-8.93
20190429_sample_4,-43.81,-2.73,-34.46,6.71,-21.07,-12.12
20190429_sample_5,-44.11,-15.78,-37.04,9.34,-24.21,-13.64
20190429_sample_6,-46.22,-1.33,,,,
20190429_sample_7,17.72,1.22,20.03,-7.41,11.82,-9.03
20190430_sample_1,-4.22,8.97,-7.98,-5.13,-3.33,9.04
20190430_sample_3,-1.8,23.66,-9.59,-3.33,-4.64,8.25
20190430_sample_4,22.33,16.13,,,,
20190430_sample_5,14.24,22.08,,,,
20190430_sample_6,9.19,10.61,-7.41,-8.65,-0.71,8.77
20190430_sample_7,38.45,-5.37,35.11,-9.74,26.69,-8.55
20190430_sample_8,10.39,-15.68,,,,
20190430_sample_9,31.33,-24.21,33.65,-12.83,29.71,-12.98
20190430_sample_10,40.29,-2.05,,,,
20190501_sample_1,8.35,34.76,-12.01,5.14,-7.15,8.61
20190501_sample_3,-11.72,39.4,-7.58,-4.77,-6.48,13.69
20190501_sample_4,13.93,28.36,,,,
20190501_sample_5,17.06,-17.66,,,,
20190501_sample_6,12.93,17.92,,,,
20190501_sample_7,-53.0,-5.01,-35.2,1.33,-24.12,-11.61
20190501_sample_8,12.78,21.36,,,,
20190501_sample_9,-34.63,-20.13,,,,
20190501_sample_11,-54.59,1.45,,,,
20190501_sample_12,49.87,-7.63,26.38,8.31,24.56,-2.38
20190501_sample_14,-34.72,-4.33,,,,
20190503_sample_1,15.82,18.43,-11.29,3.85,-6.54,5.43
20190503_sample_3,12.74,12.55,-9.66,-2.35,-4.57,7.42
20190506_sample_1,5.9,35.12,-8.52,-6.94,-6.01,11.35
20190506_sample_2,14.48,22.71,,,,
20190506_sample_3,6.8,30.54,,,,
20190506_sample_4,11.85,-5.42,19.99,-4.95,13.12,-7.1
20190506_sample_5,9.23,19.14,-11.42,-1.03,-5.53,6.57
20190506_sample_6,21.44,-12.31,16.66,-5.5,13.32,-10.09
20190506_sample_7,4.61,37.73,-8.19,-6.92,-5.38,11.77
20190507_sample_2,-13.15,31.24,-8.16,-8.34,-2.57,13.72
20190507_sample_3,10.22,-5.51,20.5,1.55,15.17,-2.05
20190507_sample_4,14.32,15.65,-11.88,-0.86,-5.19,6.26
20190507_sample_5,8.87,32.16,-6.57,-8.13,-2.84,10.88
20190507_sample_6,8.65,31.59,,,,
20190508_sample_1,-4.24,12.32,-7.54,14.17,-11.01,24.89
20190508_sample_2,-12.17,27.09,-30.22,-9.8,-17.91,15.63
20190508_sample_3,3.05,-17.68,-9.39,15.61,-10.62,27.31
20190508_sample_4,3.5,8.41,-39.06,12.5,-11.14,-13.93
20190508_sample_5,10.49,20.53,,,,
20190508_sample_6,-37.06,-6.09,,,,
20190508_sample_7,-16.55,4.3,-39.02,10.18,-15.46,-12.7
20190509_sample_2,13.7,18.91,-9.43,0.14,-6.8,4.58
20190509_sample_3,-17.23,2.09,-7.72,17.14,-6.82,27.46
20190509_sample_4,7.04,6.08,-28.95,4.23,-4.62,-3.11
20190509_sample_5,-0.83,-4.88,-8.9,16.01,-8.6,26.94
20190509_sample_9,22.12,15.56,,,,
20190513_sample_1,3.6,24.48,-18.31,5.0,-13.82,18.25
20190513_sample_2,17.0,5.63,-5.98,-7.04,-0.11,11.38
20190513_sample_3,4.4,-0.09,-9.13,-7.17,-0.9,8.25
20190513_sample_4,10.63,26.92,-7.84,-6.43,-4.29,10.97
20190513_sample_5,22.06,11.71,-12.37,-0.05,-4.77,4.52
20190514_sample_2,-31.05,-2.09,,,,
20190514_sample_4,18.43,-21.72,,,,
20190514_sample_7,3.38,-22.11,,,,
20190514_sample_8,-22.87,-1.43,-35.82,16.23,-15.65,-18.16
20190515_sample_1,-1.54,-4.3,,,,
20190515_sample_2,18.41,20.15,,,,
20190515_sample_3,-12.24,5.79,,,,
20190515_sample_4,15.32,14.12,,,,
20190515_sample_5,9.81,20.29,,,,
20190515_sample_6,6.74,36.26,-14.14,1.67,-7.47,11.72
20190515_sample_7,5.14,24.26,,,,
20190515_sample_8,15.82,13.91,,,,
20190515_sample_9,5.46,23.66,,,,
20190515_sample_10,17.69,19.95,,,,
20190515_sample_11,1.09,-7.93,-10.13,16.96,-8.19,25.39
20190515_sample_12,11.7,25.52,,,,
20190515_sample_13,-0.75,27.88,-5.39,-7.08,-2.1,12.45
20190515_sample_14,16.99,18.87,,,,
20190515_sample_15,1.96,-14.58,-10.32,14.83,-8.75,26.2
20190516_sample_2,-3.34,5.99,-37.96,12.82,-13.23,-13.65
20190516_sample_3,-0.11,-5.9,-9.65,16.04,-7.79,26.64
20190516_sample_4,-18.2,3.53,,,,
20190516_sample_5,0.77,-8.75,,,,
20190516_sample_6,13.68,32.82,-34.84,13.64,-11.17,-9.61
20190522_sample_1,20.55,11.72,,,,
20190528_sample_2,14.51,7.83,,,,
20190528_sample_4,-1.85,28.46,-6.56,-6.7,-2.73,12.32
20190528_sample_6,13.25,8.37,-5.96,-5.49,-0.63,11.2
20190528_sample_7,-0.58,-8.19,-8.84,13.49,-6.7,25.7
20190528_sample_8,9.11,31.95,,,,
20190528_sample_9,16.99,27.98,-9.72,-1.62,-7.19,6.06
20190529_sample_2,14.45,26.7,,,,
20190529_sample_3,-1.0,6.25,,,,
20190529_sample_6,15.39,30.27,,,,
20190603_sample_1,-10.39,5.39,-10.05,13.71,-6.01,25.45
20190603_sample_2,17.0,25.87,,,,
20190603_sample_3,6.66,32.8,,,,
20190603_sample_4,16.83,10.74,-23.82,6.9,-1.64,0.12
20190603_sample_5,2.48,-19.83,,,,
20190603_sample_6,-0.14,-20.88,-9.02,16.49,-9.75,27.73
20190603_sample_7,-10.45,6.35,,,,
20190603_sample_9,-2.0,28.1,,,,
20190603_sample_10,16.81,11.18,,,,
20190604_sample_2,-44.75,1.91,-35.9,9.21,-19.19,-12.01
20190604_sample_4,20.86,4.03,-7.8,15.94,-9.53,24.73
20190604_sample_6,-2.52,-18.76,,,,
20190604_sample_8,-27.53,11.83,-20.35,-1.4,-37.12,-11.5
20190604_sample_12,42.88,-2.78,24.14,9.49,21.85,0.62
20190605_sample_1,-3.01,5.71,,,,
20190605_sample_2,6.54,31.35,-9.03,-1.15,-6.16,10.24
20190605_sample_4,5.85,3.19,-24.69,-10.27,-1.48,5.38
20190605_sample_5,5.25,2.65,,,,
20190605_sample_6,6.78,29.38,-9.8,-6.74,-5.28,13.07
20190606_sample_1,-43.42,-8.95,,,,
20190606_sample_2,-36.0,0.04,,,,
20190606_sample_3,-42.73,-6.5,-11.49,-4.37,-20.76,-0.92
20190606_sample_5,-41.33,-8.14,,,,
20190606_sample_6,35.03,-25.76,35.64,-12.57,31.31,-14.92
20190606_sample_7,-40.55,-8.09,,,,
20190606_sample_9,-16.48,4.57,,,,
20190607_sample_2,-11.07,30.02,,,,
20190607_sample_3,-2.74,2.99,-10.5,16.62,-9.38,24.06
20190607_sample_5,-44.7,6.1,,,,
20190610_sample_1,-8.42,2.64,-14.95,3.01,-21.82,1.66
20190610_sample_2,-19.63,0.04,,,,
20190610_sample_3,-16.18,-2.63,-10.44,15.51,-7.37,28.13
20190610_sample_4,-19.54,0.34,-11.84,-2.77,-17.57,0.25
20190610_sample_5,-40.26,-9.55,,,,
20190610_sample_7,-3.65,27.32,,,,
20190610_sample_8,-19.83,-2.45,-15.62,-1.55,-18.72,-1.58
20190610_sample_9,4.95,-16.97,,,,
20190610_sample_10,3.78,-1.1,-13.25,2.22,-16.7,0.03
20190610_sample_12,-20.71,-3.29,-17.57,-2.59,-19.51,-2.23
20190610_sample_16,3.99,-14.37,-15.04,-0.31,-14.09,-0.07
20190610_sample_18,5.32,5.12,,,,
20190611_sample_1,9.94,-3.17,,,,
20190611_sample_3,9.56,-3.01,-13.19,6.38,-7.49,23.57
20190611_sample_4,-32.89,9.66,,,,
20190611_sample_5,-17.54,16.89,,,,
20190611_sample_7,3.48,-2.22,,,,
20190611_sample_8,3.46,7.78,-35.19,7.84,-14.11,-10.58
20190611_sample_10,-16.12,31.75,-28.18,-5.19,-16.96,14.69
20190611_sample_11,-54.85,-5.67,,,,
20190611_sample_14,12.47,29.54,-12.75,-1.35,-8.0,9.45
20190611_sample_15,2.27,7.38,-9.67,14.79,-8.52,24.35
20190612_sample_1,-3.58,-18.59,,,,
20190612_sample_2,-38.22,-11.04,-12.48,-2.6,-18.61,0.44
20190612_sample_4,14.07,8.5,,,,
20190612_sample_6,-20.5,1.07,-13.5,-2.52,-18.42,-1.55
20190612_sample_7,3.81,-15.27,-22.23,-19.2,-26.8,12.16
20190612_sample_8,7.05,-9.73,,,,
20190613_sample_2,-3.7,15.01,-14.39,-16.14,-24.73,9.93
20190613_sample_3,1.03,16.66,-31.43,-11.43,-20.69,12.26
20190613_sample_4,-6.5,39.38,-19.67,-12.37,-11.6,11.81
20190613_sample_6,-36.4,-2.86,-34.59,9.08,-19.59,-12.78
20190613_sample_7,-3.2,14.8,-19.86,-16.21,-24.36,12.5
20190613_sample_8,-41.99,11.74,,,,
20190613_sample_9,-7.63,-8.54,-15.84,-14.65,-22.82,11.08
20190613_sample_10,1.06,14.81,,,,
20190614_sample_2,15.63,29.61,,,,
20190614_sample_3,9.11,-11.16,-9.42,12.36,-6.3,24.29
20190614_sample_4,13.62,12.27,,,,
20190614_sample_6,13.3,23.91,,,,
20190614_sample_8,10.37,12.79,-40.06,11.92,-10.57,-14.16
20190617_sample_1,-0.42,-16.44,-9.78,18.46,-8.7,28.58
20190617_sample_2,17.52,-10.5,,,,
20190617_sample_3,-27.89,10.56,,,,
20190617_sample_4,-10.77,7.63,-16.13,-13.6,-23.18,8.45
20190617_sample_5,3.95,22.01,-7.49,12.54,-13.05,20.17
20190617_sample_6,-17.75,9.29,,,,
20190618_sample_1,9.89,-17.2,,,,
20190618_sample_2,14.09,4.56,-28.02,7.98,-2.21,-2.35
20190618_sample_4,6.8,3.36,-29.52,4.48,-4.5,-3.41
20190618_sample_5,17.89,13.67,-29.3,5.1,-5.2,-3.09
20190618_sample_7,-16.92,-1.49,-9.99,17.17,-7.98,27.78
20190618_sample_8,-10.83,36.71,-7.44,12.41,-12.64,21.38
20190619_sample_1,6.49,-19.89,,,,
20190619_sample_3,-42.13,-8.09,-15.22,-1.66,-19.89,-0.18
20190619_sample_4,-19.54,2.66,-14.16,-1.56,-17.92,-1.61
20190619_sample_5,-43.12,-8.19,-13.3,-2.01,-19.93,0.06
20190619_sample_6,3.93,-16.36,-13.3,3.12,-13.85,-0.4
20190620_sample_1,0.04,-15.83,-8.12,16.82,-9.21,27.51
20190620_sample_2,-16.02,9.98,-36.19,7.53,-14.82,-10.49
20190620_sample_5,-7.41,11.66,-35.82,13.18,-12.38,-12.07
20190620_sample_6,17.39,21.92,,,,
20190620_sample_8,-36.72,-6.9,-37.53,14.52,-16.43,-16.51
20190624_sample_1,-32.65,5.32,,,,
20190624_sample_2,1.92,18.64,-33.26,5.0,-2.79,-6.16
20190624_sample_3,-14.76,20.05,-32.27,-6.8,-17.78,8.18
20190624_sample_4,-26.9,8.95,-37.57,13.16,-16.23,-15.15
20190624_sample_5,-20.3,7.93,,,,
20190624_sample_6,-2.65,12.81,-17.55,-13.92,-23.78,10.62
20190625_sample_1,16.78,12.5,,,,
20190625_sample_2,7.48,31.62,,,,
20190625_sample_3,2.87,1.39,,,,
20190625_sample_4,12.98,30.43,-13.88,6.16,-8.78,9.1
20190625_sample_5,9.78,4.6,-23.16,7.95,-0.61,0.08
20190625_sample_6,-2.76,-19.18,-9.08,17.67,-9.24,29.27
20190625_sample_7,4.65,35.51,,,,
20190625_sample_8,17.69,16.16,,,,
20190625_sample_10,-2.67,23.13,,,,
20190625_sample_11,6.68,-3.66,,,,
20190625_sample_12,17.82,17.01,,,,
20190625_sample_13,46.53,-6.58,,,,
20190626_sample_1,13.4,2.3,-30.58,3.95,-3.94,-4.57
20190626_sample_4,10.41,22.31,,,,
20190626_sample_5,8.96,34.31,,,,
20190627_sample_1,17.07,-25.29,18.67,8.08,15.77,0.24
20190627_sample_2,11.66,-15.49,-27.89,3.26,-11.48,-1.83
20190627_sample_4,16.54,8.15,25.32,10.69,21.34,2.29
20190627_sample_6,-39.11,-0.25,,,,
20190627_sample_8,40.93,-8.18,35.94,-1.14,29.41,-2.2
20190628_sample_1,-15.35,4.87,-35.8,11.13,-14.67,-12.0
20190628_sample_2,-51.38,-9.59,-32.85,-0.15,-25.35,-8.83
20190628_sample_3,-15.83,30.48,,,,
20190628_sample_4,-11.72,3.96,-37.35,11.45,-14.01,-13.66
20190628_sample_5,0.8,33.87,,,,
20190628_sample_6,-32.82,-7.93,-38.36,11.55,-16.55,-14.07
20190628_sample_7,-18.89,30.19,,,,
20190703_sample_1,-49.2,-4.13,-34.66,8.94,-20.26,-12.55
20190703_sample_2,-38.72,0.37,-39.67,15.04,-17.95,-17.62
20190703_sample_3,-44.12,-19.24,-34.45,10.66,-24.36,-1.31
20190703_sample_5,-46.77,-3.81,-27.38,0.0,-31.42,-10.95
20190703_sample_6,-39.94,-2.04,,,,
20190703_sample_8,-44.28,-9.53,-36.9,13.65,-17.95,-15.51
20190703_sample_10,-34.92,-18.33,-28.82,1.58,-28.87,-10.16
20190703_sample_12,-34.43,10.46,-36.87,15.49,-17.21,-16.02
20190703_sample_13,6.61,-16.4,-35.14,12.76,-13.18,-8.18
20190703_sample_14,6.13,-4.27,,,,
20190703_sample_15,-4.74,-6.4,-37.0,9.69,-17.66,-11.38
20190704_sample_2,-11.52,13.52,,,,
20190704_sample_12,12.83,4.93,-25.79,6.84,-2.14,-1.21
20190704_sample_14,8.72,2.49,-22.14,5.79,-0.14,-1.33
20190705_sample_1,12.75,3.22,,,,
20190705_sample_3,9.56,1.55,,,,
20190705_sample_4,11.46,0.25,,,,
20190705_sample_5,15.42,6.07,,,,
20190705_sample_9,8.61,21.09,,,,
20190708_sample_3,-37.26,-11.83,,,,
20190708_sample_4,-40.92,-2.68,-36.32,15.6,-17.97,-16.77
20190708_sample_6,15.48,27.1,-38.39,17.12,-7.14,-13.07
20190708_sample_7,16.9,28.22,,,,
20190708_sample_8,23.59,-15.67,,,,
20190708_sample_12,10.75,9.23,-26.74,7.06,-4.63,-0.81
20190709_sample_1,18.34,17.65,-26.13,7.38,-4.13,-1.67
20190709_sample_2,11.89,4.51,-23.78,5.96,-1.34,-1.05
20190709_sample_3,19.07,17.24,-37.88,16.36,-7.96,-13.31
20190709_sample_8,-5.26,40.97,,,,
20190709_sample_10,7.51,0.26,,,,
20190709_sample_11,14.07,-2.77,,,,
20190709_sample_12,19.26,20.88,,,,
20190709_sample_13,10.21,3.13,,,,
20190709_sample_14,11.05,22.55,,,,
20190710_sample_3,-14.8,21.02,,,,
20190710_sample_4,-14.61,6.81,,,,
20190710_sample_5,-21.93,10.86,,,,
20190710_sample_6,3.88,5.8,-35.08,5.29,-16.15,-8.35
20190710_sample_8,-30.03,-4.53,,,,
20190710_sample_10,10.87,30.05,,,,
20190712_sample_1,25.86,-4.71,18.48,-6.82,11.65,-12.7
20190712_sample_3,-18.87,9.7,,,,
20190712_sample_4,-18.68,8.77,,,,
20190712_sample_5,11.86,-16.59,-25.46,2.48,-11.86,-1.39
20190712_sample_6,2.32,-16.45,-29.08,10.32,-13.27,-2.15
20190712_sample_7,0.68,-14.62,,,,
20190715_sample_1,19.15,-25.88,-13.26,3.3,-12.59,-0.47
20190715_sample_4,-0.02,-18.33,-11.07,0.25,-12.81,1.05
20190715_sample_5,9.32,3.47,,,,
20190715_sample_6,5.96,-20.99,,,,
20190715_sample_7,7.04,7.92,-7.1,-8.72,-0.36,9.18
20190715_sample_8,-0.85,-15.95,,,,
20190715_sample_9,11.26,9.65,,,,
20190715_sample_10,7.55,14.2,-23.85,5.38,-9.04,4.88
20190715_sample_11,-2.0,-14.7,-11.42,-10.17,-13.73,1.39
20190716_sample_1,-30.58,-1.43,,,,
20190716_sample_3,7.59,17.98,,,,
20190716_sample_5,-32.96,7.39,,,,
20190716_sample_7,12.97,3.6,,,,
20190716_sample_8,3.79,-13.65,,,,
20190716_sample_9,12.33,5.28,-24.12,6.31,-1.53,-1.09
20190717_sample_1,-8.78,20.44,,,,
20190717_sample_2,-17.3,3.69,,,,
20190717_sample_3,-17.37,32.09,,,,
20190718_sample_1,14.15,3.89,,,,
20190718_sample_2,14.01,25.85,18.25,-10.52,10.63,-15.76
20190718_sample_3,28.81,0.3,16.42,-10.16,10.48,-14.37
20190718_sample_4,19.07,20.26,,,,
20190718_sample_5,17.49,18.79,-27.25,5.79,-5.15,-2.06
20190718_sample_6,15.33,20.54,,,,
20190718_sample_7,19.31,12.66,,,,
20190718_sample_8,15.22,12.38,-5.18,-6.32,0.16,11.27
20190718_sample_9,11.57,25.16,-36.95,16.33,-8.48,-13.35
20190719_sample_1,18.39,-4.02,18.69,-4.16,13.59,-8.56
20190719_sample_2,39.81,-0.55,35.46,-0.49,30.95,-1.89
20190719_sample_4,42.44,-5.1,,,,
20190719_sample_5,40.78,-4.71,35.69,1.32,30.43,0.1
20190719_sample_6,18.01,-17.77,25.27,6.7,21.68,7.24
20190719_sample_9,41.62,-4.47,34.61,-7.73,26.72,-7.95
20190719_sample_10,19.91,-16.7,32.93,6.1,24.55,4.42
20190722_sample_1,27.2,-18.14,18.33,-7.53,13.96,-13.34
20190722_sample_6,19.48,-21.26,17.26,-9.86,14.39,-14.92
20190722_sample_7,19.88,-12.51,,,,
20190722_sample_8,27.74,-17.03,,,,
20190724_sample_1,11.39,13.03,,,,
20190724_sample_2,16.83,-3.39,18.02,-6.26,14.98,-9.91
20190724_sample_4,8.73,5.22,,,,
20190724_sample_5,5.51,33.89,,,,
20190724_sample_6,9.66,3.86,,,,
20190724_sample_9,8.93,10.66,,,,
20190724_sample_10,7.96,3.67,,,,
20190724_sample_12,10.52,6.86,,,,
20190724_sample_16,18.41,-1.28,,,,
20190725_sample_1,12.22,30.27,,,,
20190725_sample_3,23.13,13.97,,,,
20190725_sample_4,-19.18,19.5,,,,
20190725_sample_5,3.7,30.93,17.48,-10.78,10.95,-15.9
20190725_sample_6,10.61,6.42,-27.23,6.45,-4.14,-0.66
20190725_sample_7,21.23,13.71,,,,
20190725_sample_8,21.92,15.03,,,,
20190725_sample_9,15.25,16.7,,,,
20190725_sample_10,7.86,7.69,,,,
20190726_sample_1,5.44,-19.11,,,,
20190726_sample_2,-44.04,7.24,,,,
20190726_sample_3,5.05,-18.75,,,,
20190726_sample_4,37.55,-0.22,34.92,1.27,31.64,-1.16
20190726_sample_5,0.37,-13.32,,,,
20190726_sample_6,2.49,28.17,,,,
20190726_sample_7,-3.17,-16.37,,,,
20190729_sample_2,0.86,17.9,-28.56,5.18,-3.36,-5.62
20190729_sample_3,-4.0,14.88,-15.21,-14.83,-23.03,9.82
20190729_sample_5,-34.18,4.52,-38.11,13.74,-15.97,-15.79
20190730_sample_1,-13.07,34.95,,,,
20190730_sample_2,10.67,5.28,,,,
20190730_sample_5,11.35,23.89,,,,
20190730_sample_6,13.91,29.49,,,,
20190730_sample_7,12.04,7.1,-39.82,12.02,-10.25,-14.47
20190730_sample_9,-5.45,-10.28,-36.29,16.01,-15.46,-17.28
20190731_sample_1,-42.37,-8.84,-26.72,-10.92,-28.87,-1.6
20190731_sample_2,-4.44,24.6,,,,
20190731_sample_3,-8.77,6.59,,,,
20190731_sample_4,12.23,9.44,,,,
20190731_sample_5,-49.61,-12.55,-18.37,-16.53,-33.9,3.09
20190731_sample_6,5.51,-17.57,,,,
20190731_sample_8,-49.61,-12.55,,,,
20190801_sample_1,40.04,-4.7,36.2,3.16,30.35,0.85
20190801_sample_2,3.59,5.4,,,,
20190801_sample_3,-15.58,8.32,,,,
20190801_sample_4,-13.08,36.59,,,,
20190801_sample_7,-21.09,-2.03,,,,
20190801_sample_8,-2.35,32.78,,,,
20190820_sample_1,-6.96,22.58,,,,
20190820_sample_2,18.78,-5.57,17.77,-1.77,14.75,-7.59
20190820_sample_3,-27.03,-15.64,-29.11,2.85,-22.09,-4.15
20190820_sample_5,12.2,31.95,,,,
20190820_sample_6,22.26,-9.67,19.69,-0.55,13.74,-6.07
20190821_sample_1,44.79,-4.82,,,,
20190821_sample_2,39.05,-1.01,35.01,1.38,31.5,-1.01
20190821_sample_3,22.26,-1.13,17.68,-5.03,14.76,-9.04
20190821_sample_4,24.87,5.85,,,,
20190821_sample_5,44.76,-4.5,21.56,4.53,20.28,-4.38
20190821_sample_6,52.34,-11.08,,,,
20190821_sample_7,25.06,5.12,,,,
20190823_sample_1,51.73,-10.32,35.7,-2.05,27.82,-3.55
20190823_sample_3,-34.65,6.84,,,,
20190823_sample_5,21.09,-7.84,,,,
20190823_sample_6,43.35,-1.09,26.29,11.91,22.39,1.15
20190823_sample_7,40.31,-0.75,,,,
20190827_sample_1,-32.27,8.74,-33.3,-1.41,-24.22,-5.84
20190827_sample_2,52.34,-9.69,,,,
20190827_sample_3,6.83,14.89,,,,
20190827_sample_4,3.56,34.8,-30.3,-9.45,-18.91,15.89
20190827_sample_5,52.72,-9.94,,,,
20190827_sample_6,-17.69,5.01,,,,
20190827_sample_7,-8.69,7.36,-35.61,13.38,-12.24,-12.11
20190827_sample_8,-12.24,8.57,,,,
20190827_sample_9,-14.09,6.7,,,,
20190828_sample_1,14.42,10.0,,,,
20190828_sample_3,11.35,2.7,,,,
20190828_sample_4,5.92,-0.58,,,,
20190828_sample_5,5.11,-1.55,-29.34,7.86,-2.36,-3.63
20190828_sample_6,8.31,0.42,,,,
20190828_sample_7,4.04,27.62,-6.06,-6.17,-2.32,11.71
20190829_sample_1,5.75,-20.72,,,,
20190829_sample_2,7.68,-1.12,,,,
20190829_sample_3,47.14,-7.22,,,,
20190829_sample_4,5.14,-18.4,,,,
20190829_sample_6,7.68,-1.12,-34.09,15.15,-9.97,-11.42
20190829_sample_9,-45.28,-3.03,,,,
20190830_sample_1,44.96,-1.86,,,,
20190830_sample_2,27.23,-16.63,23.95,9.85,19.33,-0.49
20190830_sample_3,47.81,-8.69,,,,
20190830_sample_4,13.66,-18.54,,,,
20190830_sample_6,41.54,-5.22,37.33,-3.37,28.5,-5.11
20190830_sample_8,22.8,8.69,,,,
20190830_sample_9,-2.3,32.29,31.92,9.25,25.39,6.26
20190904_sample_1,8.52,4.73,,,,
20190904_sample_2,4.77,-1.89,,,,
20190904_sample_3,14.94,27.88,-9.25,14.74,-7.3,20.67
20190904_sample_4,7.82,6.64,,,,
20190904_sample_5,-24.49,8.93,-27.57,7.88,-5.51,-0.37
20190904_sample_7,2.15,1.33,-38.81,15.69,-13.34,-16.77
20190905_sample_1,-16.0,23.1,,,,
20190905_sample_3,-2.48,16.49,,,,
20190906_sample_1,7.51,-18.56,-24.46,1.15,-11.17,-0.31
20190906_sample_5,17.95,-7.71,20.84,9.17,14.79,3.55
20190906_sample_6,1.18,-13.95,-29.28,10.47,-13.35,-2.11
20190910_sample_1,-0.68,6.0,-8.53,15.6,-9.65,25.47
20190910_sample_2,18.67,13.71,-9.88,2.26,-2.52,5.13
20190910_sample_3,5.25,5.74,,,,
20190910_sample_4,15.63,15.17,,,,
20190910_sample_6,8.84,16.78,-39.05,13.86,-12.39,-14.77
20190911_sample_3,-1.32,31.79,,,,
20190911_sample_4,50.78,-5.11,,,,
20190911_sample_6,52.57,-3.43,,,,
20190911_sample_7,28.79,0.24,,,,
20190911_sample_9,11.4,-12.32,22.51,9.32,16.06,4.61
20190912_sample_1,12.3,-12.0,27.67,8.93,19.75,6.09
20190912_sample_2,26.03,-5.06,19.95,-5.65,11.66,-12.97
20190912_sample_3,15.76,-10.92,,,,
20190912_sample_4,3.79,4.17,,,,
20190912_sample_6,20.11,-5.59,33.29,8.91,23.0,4.8
20190912_sample_8,15.38,-12.99,27.19,8.42,20.4,6.59
20190912_sample_10,-12.01,-2.06,-28.14,4.96,-5.44,-6.4
20190917_sample_1,19.07,-11.64,,,,
20190917_sample_2,0.17,-17.12,-25.22,2.3,-11.06,-0.59
20190917_sample_3,22.67,-7.98,36.69,-2.38,30.07,-4.62
20190919_sample_1,14.45,-10.48,,,,
20190919_sample_4,3.04,-5.76,,,,
20190919_sample_5,20.72,-18.35,18.33,-5.72,13.39,-11.32
20190924_sample_1,-16.2,10.38,,,,
20190924_sample_2,-10.13,12.62,-35.14,-6.89,-16.03,10.49
20190924_sample_3,35.4,-32.42,,,,
20190924_sample_4,-4.93,31.04,,,,
20190924_sample_5,1.08,38.32,,,,
20190924_sample_6,-21.29,9.14,,,,
20190924_sample_7,-25.97,7.62,-37.2,12.33,-15.67,-14.56
20190924_sample_8,21.71,-17.1,18.02,-9.07,13.45,-13.48
20190925_sample_2,-49.29,-11.12,-21.37,-0.48,-36.32,-10.9
20190925_sample_3,-5.74,3.48,-29.08,-11.18,-20.61,7.79
20190925_sample_4,27.21,-6.1,,,,
20190925_sample_5,-7.37,1.76,-16.7,2.54,-22.5,2.0
20190925_sample_6,-54.26,-8.92,-28.5,-2.21,-27.92,-8.1
20190925_sample_7,-5.11,29.52,,,,
20190926_sample_2,51.24,-14.93,36.93,13.6,37.8,7.68
20190926_sample_3,-11.55,33.23,,,,
20190926_sample_4,39.29,4.15,36.45,16.09,29.0,13.73
20190926_sample_5,-52.8,-8.79,-31.41,-0.86,-25.94,-8.36
20190926_sample_6,0.74,37.22,,,,
20190927_sample_1,35.97,-22.5,33.71,-9.8,30.99,-13.11
20190927_sample_2,18.61,-1.54,22.3,7.11,13.77,1.88
20190927_sample_3,-34.97,-26.55,-22.69,-13.09,-30.65,0.43
20190927_sample_4,22.89,-3.71,20.59,-1.76,17.26,-6.67
20190927_sample_5,-52.18,-4.28,-31.6,6.33,-27.13,-11.91
20190927_sample_6,7.38,10.64,,,,
20190927_sample_7,21.69,-0.68,28.84,9.28,19.97,4.59
20191001_sample_1,-1.57,16.63,,,,
20191001_sample_2,55.13,-3.51,,,,
20191001_sample_3,-20.64,24.41,-31.26,2.8,-19.44,-6.04
20191001_sample_4,-23.69,1.27,-37.2,13.09,-16.97,-14.89
20191001_sample_5,-22.25,5.9,-33.81,3.81,-19.59,-6.48
20191001_sample_6,-15.5,17.58,,,,
20191003_sample_2,-1.04,13.76,,,,
20191003_sample_3,1.5,34.85,-29.34,-9.84,-18.89,15.5
20191003_sample_4,-8.65,7.96,-16.72,-13.24,-22.41,9.16
20191003_sample_5,-8.43,6.38,,,,
20191003_sample_6,24.02,-6.92,17.07,-10.99,12.38,-14.44
20191010_sample_1,50.92,-5.79,34.14,8.95,34.34,6.65
20191010_sample_2,-32.62,-17.13,-31.56,-6.95,-25.79,-7.25
20191010_sample_3,41.81,-1.92,35.88,-1.82,29.62,-2.84
20191010_sample_4,-49.23,6.28,,,,
20191010_sample_6,-37.61,-21.52,-33.58,0.89,-25.46,-12.52
20191010_sample_7,41.43,8.46,39.56,3.71,31.21,11.67
20191028_sample_1,10.81,-13.31,,,,
20191028_sample_2,-1.94,10.18,-33.91,12.81,-12.19,-8.96
20191028_sample_3,-54.9,-8.75,-33.26,1.97,-24.48,-10.56
20191028_sample_4,-6.68,26.92,,,,
20191028_sample_5,-9.65,12.04,,,,
20191030_sample_2,5.56,7.11,,,,
20191030_sample_3,54.27,-9.83,40.24,6.08,35.77,6.51
20191030_sample_4,19.88,-0.79,,,,
20191030_sample_5,-10.5,34.99,,,,
20191101_sample_1,-4.02,-17.34,-10.31,18.13,-8.14,29.53
20191101_sample_2,22.79,-8.95,,,,
20191101_sample_3,8.26,17.46,,,,
20191101_sample_4,25.29,-6.93,19.44,-9.46,15.42,-14.0
20191101_sample_5,21.97,-10.36,,,,
20191101_sample_6,18.41,-3.79,,,,
20191104_sample_1,-20.0,30.84,-8.12,14.72,-11.25,22.83
20191104_sample_2,-7.2,8.57,,,,
20191104_sample_3,3.28,-5.78,,,,
20191104_sample_4,-36.27,-7.91,-26.1,-1.25,-31.42,-10.28
20191105_sample_1,-41.64,-21.92,-24.04,-5.7,-33.6,-4.98
20191105_sample_2,23.47,7.84,37.37,-1.56,29.0,-4.67
20191105_sample_3,-6.07,29.9,,,,
20191105_sample_4,-32.72,2.32,-31.67,3.87,-19.98,-8.43
20191105_sample_5,-16.66,32.45,,,,
20191106_sample_2,4.98,-15.32,,,,
20191106_sample_3,46.02,-7.78,19.81,1.84,21.68,-4.83
20191106_sample_5,0.35,-9.37,-10.2,15.67,-7.81,25.83
20191107_sample_1,32.65,-2.84,,,,
20191107_sample_2,-11.79,4.95,-30.66,-5.39,-16.52,7.15
20191107_sample_3,-2.19,25.25,-19.32,-16.49,-25.1,12.03
20191107_sample_4,-2.55,14.25,-16.64,-13.17,-22.49,9.42
20191108_sample_1,13.05,-4.94,16.68,3.4,11.56,-2.86
20191108_sample_4,25.36,-10.3,17.47,-7.38,15.6,-11.72
20191108_sample_5,30.47,-14.71,34.33,12.13,28.15,9.13
20191114_sample_1,-9.97,36.98,-7.52,12.98,-12.72,21.19
20191114_sample_2,19.49,-3.38,17.94,-8.4,13.21,-12.23
20191114_sample_3,52.6,-13.07,34.15,-16.85,27.36,-18.19
20191114_sample_4,-8.45,8.66,-32.65,-12.74,-22.14,13.42
20191114_sample_5,52.31,-12.1,,,,
20191114_sample_7,32.95,-32.63,35.12,5.08,22.89,12.37
20191114_sample_8,51.48,-12.72,,,,
20191114_sample_9,31.29,-32.6,37.77,13.8,23.59,14.46
20200106_sample_1,4.66,-13.33,,,,
20200106_sample_4,50.97,-11.31,33.81,-16.05,27.5,-17.21
20200106_sample_5,26.06,-30.51,,,,
20200106_sample_6,36.95,-31.75,,,,
20200225_sample_2,28.65,-6.87,33.49,7.85,26.61,5.67
20200225_sample_5,-0.29,10.93,-16.73,4.31,-10.53,5.47
20200316_sample_1,35.45,-30.97,39.09,13.71,24.39,14.17
20200316_sample_2,33.21,-29.64,,,,
20200316_sample_3,-45.64,8.48,,,,
